case_id,design_id,drag_area_model,total_installation_loss_pct,installed_factor,fixed_body_fraction,wing_loading_kg_m2,full_gate_entry_min_excess_n,full_gate_dry_bound_min_excess_n,mach1_entry_cd,mach1_entry_drag_area_m2,mach1_thrust_n,level_hold_attempted,gate_pass,endurance_pass,termination,failure_reasons,endurance_termination,drag_case,empty_mass_kg,initial_fuel_kg,initial_mass_kg,wing_area_m2,altitude_m,gamma_deg,rated_thrust_n,initial_installed_thrust_to_weight,wing_loading_n_m2,elapsed_s,final_mach,time_to_mach_1_s,fuel_at_mach_1_kg,final_fuel_kg,min_excess_thrust_n,min_acceleration_force_n,max_cl,max_q_pa,review_flags,reached_mach_1,mass_within_limit,fuel_nonnegative,never_descends,positive_excess_thrust,positive_acceleration,cl_within_limit,q_within_limit
D0027_optimistic_original_wing_scaled_loss15,D0027,original_wing_scaled,15,0.85,0.0,237.5,170.05555186413102,170.24593066690892,0.03758559892651406,0.0030068479141211247,269.438887302529,True,True,True,target_reached,,hold_complete,optimistic,18.0,1.0,19.0,0.08,6000,0.0,600,1.5493488822694834,2329.079375,5.601554495872317,1.0,5.601554495872317,0.9224836726152379,0.8887109700549574,170.07067726273613,170.07067726273613,0.11010377503256939,33052.33196919002,uncalibrated_drag_and_engine;trim_stability_control_unverified;engine_mass_thrust_coupling_unverified;flutter_analysis_required,True,True,True,True,True,True,True,True
D0027_optimistic_fixed_body_50pct_loss15,D0027,fixed_body_50pct,15,0.85,0.5,237.5,147.92501885693133,148.11539765970923,0.04595510407513294,0.003676408326010635,269.438887302529,True,True,True,target_reached,,hold_complete,optimistic,18.0,1.0,19.0,0.08,6000,0.0,600,1.5493488822694834,2329.079375,6.012596995961594,1.0,6.012596995961594,0.9168306386499491,0.8763907868906579,147.94124488648382,147.94124488648382,0.11010377503256939,33052.33196919002,uncalibrated_drag_and_engine;trim_stability_control_unverified;engine_mass_thrust_coupling_unverified;flutter_analysis_required,True,True,True,True,True,True,True,True
D0027_baseline_original_wing_scaled_loss15,D0027,original_wing_scaled,15,0.85,0.0,237.5,108.35210102956918,108.54247983234708,0.06092111232239153,0.004873688985791323,269.438887302529,True,True,True,target_reached,,hold_complete,baseline,18.0,1.0,19.0,0.08,6000,0.0,600,1.5493488822694834,2329.079375,7.060511829870925,1.0,7.060511829870925,0.9024373886805426,0.8498631524417517,108.3711279026952,108.3711279026952,0.11010377503256939,33052.33196919002,uncalibrated_drag_and_engine;trim_stability_control_unverified;engine_mass_thrust_coupling_unverified;flutter_analysis_required,True,True,True,True,True,True,True,True
D0027_baseline_fixed_body_50pct_loss15,D0027,fixed_body_50pct,15,0.85,0.5,237.5,71.14401943474607,71.334398237524,0.07499276754989065,0.005999421403991252,269.438887302529,True,True,True,target_reached,,hold_complete,baseline,18.0,1.0,19.0,0.08,6000,0.0,600,1.5493488822694834,2329.079375,8.554813703085504,1.0,8.554813703085504,0.8819500428239095,0.8161999260364209,71.16702935047869,71.16702935047869,0.11010377503256939,33052.33196919002,uncalibrated_drag_and_engine;trim_stability_control_unverified;engine_mass_thrust_coupling_unverified;flutter_analysis_required,True,True,True,True,True,True,True,True
D0027_pessimistic_original_wing_scaled_loss15,D0027,original_wing_scaled,15,0.85,0.0,237.5,19.75180072360746,19.94217952638536,0.09442869523233233,0.007554295618586586,269.438887302529,True,True,True,target_reached,,hold_complete,pessimistic,18.0,1.0,19.0,0.08,6000,0.0,600,1.5493488822694834,2329.079375,14.637151074733657,1.0,14.637151074733657,0.7987950256473023,0.6824991146511709,19.79093285798004,19.79093285798004,0.11010377503256939,33052.33196919002,uncalibrated_drag_and_engine;trim_stability_control_unverified;engine_mass_thrust_coupling_unverified;flutter_analysis_required,True,True,True,True,True,True,True,True
D0027_pessimistic_fixed_body_50pct_loss15,D0027,fixed_body_50pct,15,0.85,0.5,237.5,-39.14193711968329,-38.951558316905334,0.11670160849386445,0.009336128679509156,269.438887302529,False,False,False,fuel_exhausted,fuel_exhausted;reached_mach_1,gate_failed,pessimistic,18.0,1.0,19.0,0.08,6000,0.0,600,1.5493488822694834,2329.079375,73.0136960068585,0.9656231659097139,,,0.0,0.01238500945026999,0.01238500945026999,0.11010377503256939,30818.923050394238,uncalibrated_drag_and_engine;trim_stability_control_unverified;engine_mass_thrust_coupling_unverified;flutter_analysis_required,False,True,True,True,True,True,True,True
D0027_optimistic_original_wing_scaled_loss20,D0027,original_wing_scaled,20,0.8,0.0,237.5,154.20620555221757,154.39658435499547,0.03758559892651406,0.0030068479141211247,253.58954099061555,True,True,True,target_reached,,hold_complete,optimistic,18.0,1.0,19.0,0.08,6000,0.0,600,1.4582107127242196,2329.079375,6.0710172463830165,1.0,6.0710172463830165,0.915995950624668,0.8800454370116212,154.22259406548505,154.22259406548505,0.11010377503256939,33052.33196919002,uncalibrated_drag_and_engine;trim_stability_control_unverified;engine_mass_thrust_coupling_unverified;flutter_analysis_required,True,True,True,True,True,True,True,True
D0027_optimistic_fixed_body_50pct_loss20,D0027,fixed_body_50pct,20,0.8,0.5,237.5,132.07567254501788,132.26605134779578,0.04595510407513294,0.003676408326010635,253.58954099061555,True,True,True,target_reached,,hold_complete,optimistic,18.0,1.0,19.0,0.08,6000,0.0,600,1.4582107127242196,2329.079375,6.562560633934651,1.0,6.562560633934651,0.9092373576854385,0.8661375316429597,132.09337644900359,132.09337644900359,0.11010377503256939,33052.33196919002,uncalibrated_drag_and_engine;trim_stability_control_unverified;engine_mass_thrust_coupling_unverified;flutter_analysis_required,True,True,True,True,True,True,True,True
D0027_baseline_original_wing_scaled_loss20,D0027,original_wing_scaled,20,0.8,0.0,237.5,92.50275471765573,92.69313352043363,0.06092111232239153,0.004873688985791323,253.58954099061555,True,True,True,target_reached,,hold_complete,baseline,18.0,1.0,19.0,0.08,6000,0.0,600,1.4582107127242196,2329.079375,7.861962568185418,1.0,7.861962568185418,0.8913962471309506,0.8350118000292418,92.52392868840894,92.52392868840894,0.11010377503256939,33052.33196919002,uncalibrated_drag_and_engine;trim_stability_control_unverified;engine_mass_thrust_coupling_unverified;flutter_analysis_required,True,True,True,True,True,True,True,True
D0027_baseline_fixed_body_50pct_loss20,D0027,fixed_body_50pct,20,0.8,0.5,237.5,55.29467312283262,55.48505192561055,0.07499276754989065,0.005999421403991252,253.58954099061555,True,True,True,target_reached,,hold_complete,baseline,18.0,1.0,19.0,0.08,6000,0.0,600,1.4582107127242196,2329.079375,9.87357005218538,1.0,9.87357005218538,0.8638352680630423,0.7916272716899793,55.321201220312474,55.321201220312474,0.11010377503256939,33052.33196919002,uncalibrated_drag_and_engine;trim_stability_control_unverified;engine_mass_thrust_coupling_unverified;flutter_analysis_required,True,True,True,True,True,True,True,True
D0027_pessimistic_original_wing_scaled_loss20,D0027,original_wing_scaled,20,0.8,0.0,237.5,3.902454411694009,4.092833214471909,0.09442869523233233,0.007554295618586586,253.58954099061555,False,True,False,target_reached,,fuel_exhausted,pessimistic,18.0,1.0,19.0,0.08,6000,0.0,600,1.4582107127242196,2329.079375,24.83532380429792,1.0,24.83532380429792,0.6598848037325903,0.0,3.968359946882572,3.968359946882572,0.11010377503256939,33052.33196919002,uncalibrated_drag_and_engine;trim_stability_control_unverified;engine_mass_thrust_coupling_unverified;flutter_analysis_required,True,True,True,True,True,True,True,True
D0027_pessimistic_fixed_body_50pct_loss20,D0027,fixed_body_50pct,20,0.8,0.5,237.5,-54.99128343159674,-54.800904628818785,0.11670160849386445,0.009336128679509156,253.58954099061555,False,False,False,fuel_exhausted,fuel_exhausted;reached_mach_1,gate_failed,pessimistic,18.0,1.0,19.0,0.08,6000,0.0,600,1.4582107127242196,2329.079375,72.82614908229124,0.9531373307085451,,,0.0,0.012227107602654996,0.012227107602654996,0.11010377503256939,30027.0775136849,uncalibrated_drag_and_engine;trim_stability_control_unverified;engine_mass_thrust_coupling_unverified;flutter_analysis_required,False,True,True,True,True,True,True,True
D0027_optimistic_original_wing_scaled_loss25,D0027,original_wing_scaled,25,0.75,0.0,237.5,138.35685924030406,138.54723804308196,0.03758559892651406,0.0030068479141211247,237.74019467870204,True,True,True,target_reached,,hold_complete,optimistic,18.0,1.0,19.0,0.08,6000,0.0,600,1.3670725431789559,2329.079375,6.627705572609115,1.0,6.627705572609115,0.9083045968964757,0.8698557377768098,138.37474464588473,138.37474464588473,0.11010377503256939,33052.33196919002,uncalibrated_drag_and_engine;trim_stability_control_unverified;engine_mass_thrust_coupling_unverified;flutter_analysis_required,True,True,True,True,True,True,True,True
D0027_optimistic_fixed_body_50pct_loss25,D0027,fixed_body_50pct,25,0.75,0.5,237.5,116.22632623310436,116.41670503588226,0.04595510407513294,0.003676408326010635,237.74019467870204,True,True,True,target_reached,,hold_complete,optimistic,18.0,1.0,19.0,0.08,6000,0.0,600,1.3670725431789559,2329.079375,7.226527570564652,1.0,7.226527570564652,0.9000732316752802,0.8538897698881484,116.24581295372678,116.24581295372678,0.11010377503256939,33052.33196919002,uncalibrated_drag_and_engine;trim_stability_control_unverified;engine_mass_thrust_coupling_unverified;flutter_analysis_required,True,True,True,True,True,True,True,True
D0027_baseline_original_wing_scaled_loss25,D0027,original_wing_scaled,25,0.75,0.0,237.5,76.65340840574223,76.84378720852013,0.06092111232239153,0.004873688985791323,237.74019467870204,True,True,True,target_reached,,hold_complete,baseline,18.0,1.0,19.0,0.08,6000,0.0,600,1.3670725431789559,2329.079375,8.885791689379818,1.0,8.885791689379818,0.8773012147669532,0.8162529171850442,76.6773215210502,76.6773215210502,0.11010377503256939,33052.33196919002,uncalibrated_drag_and_engine;trim_stability_control_unverified;engine_mass_thrust_coupling_unverified;flutter_analysis_required,True,True,True,True,True,True,True,True
D0027_baseline_fixed_body_50pct_loss25,D0027,fixed_body_50pct,25,0.75,0.5,237.5,39.44532681091911,39.63570561369704,0.07499276754989065,0.005999421403991252,237.74019467870204,True,True,True,target_reached,,hold_complete,baseline,18.0,1.0,19.0,0.08,6000,0.0,600,1.3670725431789559,2329.079375,11.785356370371664,1.0,11.785356370371664,0.8376100940330545,0.7554838071032356,39.476942277480674,39.476942277480674,0.11010377503256939,33052.33196919002,uncalibrated_drag_and_engine;trim_stability_control_unverified;engine_mass_thrust_coupling_unverified;flutter_analysis_required,True,True,True,True,True,True,True,True
D0027_pessimistic_original_wing_scaled_loss25,D0027,original_wing_scaled,25,0.75,0.0,237.5,-11.946891900219498,-11.756513097441598,0.09442869523233233,0.007554295618586586,237.74019467870204,False,False,False,fuel_exhausted,fuel_exhausted;reached_mach_1,gate_failed,pessimistic,18.0,1.0,19.0,0.08,6000,0.0,600,1.3670725431789559,2329.079375,73.27393653922739,0.9861315513248183,,,0.0,0.01800311135013999,0.01800311135013999,0.11010377503256939,32141.9199130462,uncalibrated_drag_and_engine;trim_stability_control_unverified;engine_mass_thrust_coupling_unverified;flutter_analysis_required,False,True,True,True,True,True,True,True
D0027_pessimistic_fixed_body_50pct_loss25,D0027,fixed_body_50pct,25,0.75,0.5,237.5,-70.84062974351025,-70.65025094073229,0.11670160849386445,0.009336128679509156,237.74019467870204,False,False,False,fuel_exhausted,fuel_exhausted;reached_mach_1,gate_failed,pessimistic,18.0,1.0,19.0,0.08,6000,0.0,600,1.3670725431789559,2329.079375,72.64412926209066,0.9409798736002424,,,6.591949208711867e-17,0.012295989051182232,0.012295989051182232,0.11010377503256939,29265.960025391298,uncalibrated_drag_and_engine;trim_stability_control_unverified;engine_mass_thrust_coupling_unverified;flutter_analysis_required,False,True,True,True,True,True,True,True
D0030_optimistic_original_wing_scaled_loss15,D0030,original_wing_scaled,15,0.85,0.0,275.0,169.42267097922064,169.64392202028688,0.03782494697217552,0.0030259957577740415,269.438887302529,True,True,True,target_reached,,hold_complete,optimistic,21.0,1.0,22.0,0.08,6000,0.0,600,1.338074034687281,2696.8287499999997,6.509523584271441,1.0,6.509523584271441,0.9099188303369594,0.8752017920114019,169.4430232802793,169.4430232802793,0.1274885816166593,33052.33196919002,uncalibrated_drag_and_engine;trim_stability_control_unverified;engine_mass_thrust_coupling_unverified;flutter_analysis_required,True,True,True,True,True,True,True,True
D0030_optimistic_fixed_body_50pct_loss15,D0030,fixed_body_50pct,15,0.85,0.5,275.0,147.29213797202095,147.51338901308716,0.0461944521207944,0.003695556169663552,269.438887302529,True,True,True,target_reached,,hold_complete,optimistic,21.0,1.0,22.0,0.08,6000,0.0,600,1.338074034687281,2696.8287499999997,6.9890738322274135,1.0,6.9890738322274135,0.9033236226810492,0.8618207250814618,147.31397706686255,147.31397706686255,0.1274885816166593,33052.33196919002,uncalibrated_drag_and_engine;trim_stability_control_unverified;engine_mass_thrust_coupling_unverified;flutter_analysis_required,True,True,True,True,True,True,True,True
D0030_baseline_original_wing_scaled_loss15,D0030,original_wing_scaled,15,0.85,0.0,275.0,107.7192201446588,107.94047118572504,0.061160460368053,0.00489283682944424,269.438887302529,True,True,True,target_reached,,hold_complete,baseline,21.0,1.0,22.0,0.08,6000,0.0,600,1.338074034687281,2696.8287499999997,8.213202634839174,1.0,8.213202634839174,0.8865101497328425,0.8325257374214282,107.74484756767006,107.74484756767006,0.1274885816166593,33052.33196919002,uncalibrated_drag_and_engine;trim_stability_control_unverified;engine_mass_thrust_coupling_unverified;flutter_analysis_required,True,True,True,True,True,True,True,True
D0030_baseline_fixed_body_50pct_loss15,D0030,fixed_body_50pct,15,0.85,0.5,275.0,70.51113854983569,70.73238959090196,0.07523211559555211,0.006018569247644169,269.438887302529,True,True,True,target_reached,,hold_complete,baseline,21.0,1.0,22.0,0.08,6000,0.0,600,1.338074034687281,2696.8287499999997,9.963608210021906,1.0,9.963608210021906,0.8625119725484077,0.794614839604591,70.54216808346533,70.54216808346533,0.1274885816166593,33052.33196919002,uncalibrated_drag_and_engine;trim_stability_control_unverified;engine_mass_thrust_coupling_unverified;flutter_analysis_required,True,True,True,True,True,True,True,True
D0030_pessimistic_original_wing_scaled_loss15,D0030,original_wing_scaled,15,0.85,0.0,275.0,19.11891983869711,19.34017087976332,0.09466804327799379,0.007573443462239504,269.438887302529,True,True,True,target_reached,,hold_complete,pessimistic,21.0,1.0,22.0,0.08,6000,0.0,600,1.338074034687281,2696.8287499999997,17.17748521926977,1.0,17.17748521926977,0.7638937991670849,0.6369771061182758,19.172086601239442,19.172086601239442,0.1274885816166593,33052.33196919002,uncalibrated_drag_and_engine;trim_stability_control_unverified;engine_mass_thrust_coupling_unverified;flutter_analysis_required,True,True,True,True,True,True,True,True
D0030_pessimistic_fixed_body_50pct_loss15,D0030,fixed_body_50pct,15,0.85,0.5,275.0,-39.77481800459367,-39.55356696352743,0.11694095653952591,0.009355276523162074,269.438887302529,False,False,False,fuel_exhausted,fuel_exhausted;reached_mach_1,gate_failed,pessimistic,21.0,1.0,22.0,0.08,6000,0.0,600,1.338074034687281,2696.8287499999997,72.97940580824789,0.9651070436494545,,,0.0,0.017063201615087564,0.017063201615087564,0.1274885816166593,30785.98663825127,uncalibrated_drag_and_engine;trim_stability_control_unverified;engine_mass_thrust_coupling_unverified;flutter_analysis_required,False,True,True,True,True,True,True,True
D0030_optimistic_original_wing_scaled_loss20,D0030,original_wing_scaled,20,0.8,0.0,275.0,153.5733246673072,153.79457570837343,0.03782494697217552,0.0030259957577740415,253.58954099061555,True,True,True,target_reached,,hold_complete,optimistic,21.0,1.0,22.0,0.08,6000,0.0,600,1.259363797352735,2696.8287499999997,7.057217662946524,1.0,7.057217662946524,0.9023499881862622,0.8653634282292944,153.5953832159877,153.5953832159877,0.1274885816166593,33052.33196919002,uncalibrated_drag_and_engine;trim_stability_control_unverified;engine_mass_thrust_coupling_unverified;flutter_analysis_required,True,True,True,True,True,True,True,True
D0030_optimistic_fixed_body_50pct_loss20,D0030,fixed_body_50pct,20,0.8,0.5,275.0,131.4427916601075,131.6640427011737,0.0461944521207944,0.003695556169663552,253.58954099061555,True,True,True,target_reached,,hold_complete,optimistic,21.0,1.0,22.0,0.08,6000,0.0,600,1.259363797352735,2696.8287499999997,7.631090971804559,1.0,7.631090971804559,0.8944593797184811,0.8501750457124531,131.4666283646854,131.4666283646854,0.1274885816166593,33052.33196919002,uncalibrated_drag_and_engine;trim_stability_control_unverified;engine_mass_thrust_coupling_unverified;flutter_analysis_required,True,True,True,True,True,True,True,True
D0030_baseline_original_wing_scaled_loss20,D0030,original_wing_scaled,20,0.8,0.0,275.0,91.86987383274536,92.0911248738116,0.061160460368053,0.00489283682944424,253.58954099061555,True,True,True,target_reached,,hold_complete,baseline,21.0,1.0,22.0,0.08,6000,0.0,600,1.259363797352735,2696.8287499999997,9.150617886196166,1.0,9.150617886196166,0.8735961130085115,0.8155626661621447,91.89840900701486,91.89840900701486,0.1274885816166593,33052.33196919002,uncalibrated_drag_and_engine;trim_stability_control_unverified;engine_mass_thrust_coupling_unverified;flutter_analysis_required,True,True,True,True,True,True,True,True
D0030_baseline_fixed_body_50pct_loss20,D0030,fixed_body_50pct,20,0.8,0.5,275.0,54.66179223792224,54.88304327898851,0.07523211559555211,0.006018569247644169,253.58954099061555,True,True,True,target_reached,,hold_complete,baseline,21.0,1.0,22.0,0.08,6000,0.0,600,1.259363797352735,2696.8287499999997,11.512158142539993,1.0,11.512158142539993,0.8412415060496955,0.7662224452780576,54.69760490634579,54.69760490634579,0.1274885816166593,33052.33196919002,uncalibrated_drag_and_engine;trim_stability_control_unverified;engine_mass_thrust_coupling_unverified;flutter_analysis_required,True,True,True,True,True,True,True,True
D0030_pessimistic_original_wing_scaled_loss20,D0030,original_wing_scaled,20,0.8,0.0,275.0,3.2695735267836596,3.49082456784987,0.09466804327799379,0.007573443462239504,253.58954099061555,False,True,False,target_reached,,fuel_exhausted,pessimistic,21.0,1.0,22.0,0.08,6000,0.0,600,1.259363797352735,2696.8287499999997,30.10185708819891,1.0,30.10185708819891,0.5878925441509193,0.0,3.3619993251656126,3.3619993251656126,0.1274885816166593,33052.33196919002,uncalibrated_drag_and_engine;trim_stability_control_unverified;engine_mass_thrust_coupling_unverified;flutter_analysis_required,True,True,True,True,True,True,True,True
D0030_pessimistic_fixed_body_50pct_loss20,D0030,fixed_body_50pct,20,0.8,0.5,275.0,-55.62416431650712,-55.40291327544088,0.11694095653952591,0.009355276523162074,253.58954099061555,False,False,False,fuel_exhausted,fuel_exhausted;reached_mach_1,gate_failed,pessimistic,21.0,1.0,22.0,0.08,6000,0.0,600,1.259363797352735,2696.8287499999997,72.79419266807108,0.9526285599401217,,,7.947201924318748e-17,0.0167884305823236,0.0167884305823236,0.1274885816166593,29995.030039484987,uncalibrated_drag_and_engine;trim_stability_control_unverified;engine_mass_thrust_coupling_unverified;flutter_analysis_required,False,True,True,True,True,True,True,True
D0030_optimistic_original_wing_scaled_loss25,D0030,original_wing_scaled,25,0.75,0.0,275.0,137.72397835539368,137.94522939645992,0.03782494697217552,0.0030259957577740415,237.74019467870204,True,True,True,target_reached,,hold_complete,optimistic,21.0,1.0,22.0,0.08,6000,0.0,600,1.180653560018189,2696.8287499999997,7.707106399408849,1.0,7.707106399408849,0.8933709595199814,0.8537736243276822,137.7480602861819,137.7480602861819,0.1274885816166593,33052.33196919002,uncalibrated_drag_and_engine;trim_stability_control_unverified;engine_mass_thrust_coupling_unverified;flutter_analysis_required,True,True,True,True,True,True,True,True
D0030_optimistic_fixed_body_50pct_loss25,D0030,fixed_body_50pct,25,0.75,0.5,275.0,115.593445348194,115.8146963892602,0.0461944521207944,0.003695556169663552,237.74019467870204,True,True,True,target_reached,,hold_complete,optimistic,21.0,1.0,22.0,0.08,6000,0.0,600,1.180653560018189,2696.8287499999997,8.406837571504777,1.0,8.406837571504777,0.8837525353715234,0.8362297427521034,115.61969382547582,115.61969382547582,0.1274885816166593,33052.33196919002,uncalibrated_drag_and_engine;trim_stability_control_unverified;engine_mass_thrust_coupling_unverified;flutter_analysis_required,True,True,True,True,True,True,True,True
D0030_baseline_original_wing_scaled_loss25,D0030,original_wing_scaled,25,0.75,0.0,275.0,76.02052752083185,76.24177856189809,0.061160460368053,0.00489283682944424,237.74019467870204,True,True,True,target_reached,,hold_complete,baseline,21.0,1.0,22.0,0.08,6000,0.0,600,1.180653560018189,2696.8287499999997,10.349897588454846,1.0,10.349897588454846,0.8570860080421729,0.7940447755155893,76.05277764493377,76.05277764493377,0.1274885816166593,33052.33196919002,uncalibrated_drag_and_engine;trim_stability_control_unverified;engine_mass_thrust_coupling_unverified;flutter_analysis_required,True,True,True,True,True,True,True,True
D0030_baseline_fixed_body_50pct_loss25,D0030,fixed_body_50pct,25,0.75,0.5,275.0,38.812445926008735,39.033696967075,0.07523211559555211,0.006018569247644169,237.74019467870204,True,True,True,target_reached,,hold_complete,baseline,21.0,1.0,22.0,0.08,6000,0.0,600,1.180653560018189,2696.8287499999997,13.765772941996042,1.0,13.765772941996042,0.8103289375904409,0.7240879626625897,38.855201669028276,38.855201669028276,0.1274885816166593,33052.33196919002,uncalibrated_drag_and_engine;trim_stability_control_unverified;engine_mass_thrust_coupling_unverified;flutter_analysis_required,True,True,True,True,True,True,True,True
D0030_pessimistic_original_wing_scaled_loss25,D0030,original_wing_scaled,25,0.75,0.0,275.0,-12.579772785129848,-12.358521744063637,0.09466804327799379,0.007573443462239504,237.74019467870204,False,False,False,fuel_exhausted,fuel_exhausted;reached_mach_1,gate_failed,pessimistic,21.0,1.0,22.0,0.08,6000,0.0,600,1.180653560018189,2696.8287499999997,73.22538786659995,0.9854337757800449,,,1.1275702593849246e-17,0.029474885540764717,0.029474885540764717,0.1274885816166593,32096.449487113354,uncalibrated_drag_and_engine;trim_stability_control_unverified;engine_mass_thrust_coupling_unverified;flutter_analysis_required,False,True,True,True,True,True,True,True
D0030_pessimistic_fixed_body_50pct_loss25,D0030,fixed_body_50pct,25,0.75,0.5,275.0,-71.47351062842063,-71.25225958735439,0.11694095653952591,0.009355276523162074,237.74019467870204,False,False,False,fuel_exhausted,fuel_exhausted;reached_mach_1,gate_failed,pessimistic,21.0,1.0,22.0,0.08,6000,0.0,600,1.180653560018189,2696.8287499999997,72.61410142715152,0.9404692916019896,,,7.676151381197371e-17,0.01686322285175379,0.01686322285175379,0.1274885816166593,29234.20882906397,uncalibrated_drag_and_engine;trim_stability_control_unverified;engine_mass_thrust_coupling_unverified;flutter_analysis_required,False,True,True,True,True,True,True,True
D0033_optimistic_original_wing_scaled_loss15,D0033,original_wing_scaled,15,0.85,0.0,262.5,169.64392202028688,170.24593066690892,0.037741272452147534,0.003019301796171803,269.438887302529,True,True,True,target_reached,,hold_complete,optimistic,18.0,3.0,21.0,0.08,6000,0.0,600,1.4017918458628658,2574.245625,6.205770821343731,1.0,6.205770821343731,2.914122283936226,2.879723606633233,169.6624427344505,169.6624427344505,0.12169364608862934,33052.33196919002,uncalibrated_drag_and_engine;trim_stability_control_unverified;engine_mass_thrust_coupling_unverified;flutter_analysis_required,True,True,True,True,True,True,True,True
D0033_optimistic_fixed_body_50pct_loss15,D0033,fixed_body_50pct,15,0.85,0.5,262.5,147.51338901308716,148.11539765970923,0.046110777600766414,0.003688862208061313,269.438887302529,True,True,True,target_reached,,hold_complete,optimistic,18.0,3.0,21.0,0.08,6000,0.0,600,1.4017918458628658,2574.245625,6.662316600357521,1.0,6.662316600357521,2.9078434594698144,2.86669872790809,147.53326086507258,147.53326086507258,0.12169364608862934,33052.33196919002,uncalibrated_drag_and_engine;trim_stability_control_unverified;engine_mass_thrust_coupling_unverified;flutter_analysis_required,True,True,True,True,True,True,True,True
D0033_baseline_original_wing_scaled_loss15,D0033,original_wing_scaled,15,0.85,0.0,262.5,107.94047118572504,108.54247983234708,0.061076785848025006,0.004886142867842001,269.438887302529,True,True,True,target_reached,,hold_complete,baseline,18.0,3.0,21.0,0.08,6000,0.0,600,1.4017918458628658,2574.245625,7.827199104684212,1.0,7.827199104684212,2.8918437016895404,2.8383341821666987,107.9637841853548,107.9637841853548,0.12169364608862934,33052.33196919002,uncalibrated_drag_and_engine;trim_stability_control_unverified;engine_mass_thrust_coupling_unverified;flutter_analysis_required,True,True,True,True,True,True,True,True
D0033_baseline_fixed_body_50pct_loss15,D0033,fixed_body_50pct,15,0.85,0.5,262.5,70.73238959090196,71.334398237524,0.07514844107552411,0.006011875286041929,269.438887302529,True,True,True,target_reached,,hold_complete,baseline,18.0,3.0,21.0,0.08,6000,0.0,600,1.4017918458628658,2574.245625,9.491272788022853,1.0,9.491272788022853,2.8690289924199512,2.8018558004078393,70.76060490731916,70.76060490731916,0.12169364608862934,33052.33196919002,uncalibrated_drag_and_engine;trim_stability_control_unverified;engine_mass_thrust_coupling_unverified;flutter_analysis_required,True,True,True,True,True,True,True,True
D0033_pessimistic_original_wing_scaled_loss15,D0033,original_wing_scaled,15,0.85,0.0,262.5,19.34017087976332,19.94217952638536,0.0945843687579658,0.0075667495006372645,269.438887302529,True,True,True,target_reached,,hold_complete,pessimistic,18.0,3.0,21.0,0.08,6000,0.0,600,1.4017918458628658,2574.245625,16.31930891465569,1.0,16.31930891465569,2.775683253058835,2.6524411252965145,19.38838809531248,19.38838809531248,0.12169364608862934,33052.33196919002,uncalibrated_drag_and_engine;trim_stability_control_unverified;engine_mass_thrust_coupling_unverified;flutter_analysis_required,True,True,True,True,True,True,True,True
D0033_pessimistic_fixed_body_50pct_loss15,D0033,fixed_body_50pct,15,0.85,0.5,262.5,-39.55356696352743,-38.951558316905334,0.11685728201949791,0.009348582561559833,269.438887302529,False,False,False,time_limit,time_limit;reached_mach_1,gate_failed,pessimistic,18.0,3.0,21.0,0.08,6000,0.0,600,1.4017918458628658,2574.245625,120.0,0.9653995281281047,,,1.3575955851725654,0.014291833334198145,0.014291833334198145,0.12169364608862934,30804.64941301209,uncalibrated_drag_and_engine;trim_stability_control_unverified;engine_mass_thrust_coupling_unverified;flutter_analysis_required,False,True,True,True,True,True,True,True
D0033_optimistic_original_wing_scaled_loss20,D0033,original_wing_scaled,20,0.8,0.0,262.5,153.79457570837343,154.39658435499547,0.037741272452147534,0.003019301796171803,253.58954099061555,True,True,True,target_reached,,hold_complete,optimistic,18.0,3.0,21.0,0.08,6000,0.0,600,1.3193335019885795,2574.245625,6.727194318433387,1.0,6.727194318433387,2.906916480091626,2.8702791972142503,153.81464700232547,153.81464700232547,0.12169364608862934,33052.33196919002,uncalibrated_drag_and_engine;trim_stability_control_unverified;engine_mass_thrust_coupling_unverified;flutter_analysis_required,True,True,True,True,True,True,True,True
D0033_optimistic_fixed_body_50pct_loss20,D0033,fixed_body_50pct,20,0.8,0.5,262.5,131.6640427011737,132.26605134779578,0.046110777600766414,0.003688862208061313,253.58954099061555,True,True,True,target_reached,,hold_complete,optimistic,18.0,3.0,21.0,0.08,6000,0.0,600,1.3193335019885795,2574.245625,7.273403024783082,1.0,7.273403024783082,2.899406261548182,2.8555210384419025,131.68572951167477,131.68572951167477,0.12169364608862934,33052.33196919002,uncalibrated_drag_and_engine;trim_stability_control_unverified;engine_mass_thrust_coupling_unverified;flutter_analysis_required,True,True,True,True,True,True,True,True
D0033_baseline_original_wing_scaled_loss20,D0033,original_wing_scaled,20,0.8,0.0,262.5,92.0911248738116,92.69313352043363,0.061076785848025006,0.004886142867842001,253.58954099061555,True,True,True,target_reached,,hold_complete,baseline,18.0,3.0,21.0,0.08,6000,0.0,600,1.3193335019885795,2574.245625,8.7188450104712,1.0,8.7188450104712,2.879560119873492,2.822082230257284,92.11707797699151,92.11707797699151,0.12169364608862934,33052.33196919002,uncalibrated_drag_and_engine;trim_stability_control_unverified;engine_mass_thrust_coupling_unverified;flutter_analysis_required,True,True,True,True,True,True,True,True
D0033_baseline_fixed_body_50pct_loss20,D0033,fixed_body_50pct,20,0.8,0.5,262.5,54.88304327898851,55.48505192561055,0.07514844107552411,0.006011875286041929,253.58954099061555,True,True,True,target_reached,,hold_complete,baseline,18.0,3.0,21.0,0.08,6000,0.0,600,1.3193335019885795,2574.245625,10.962184282291943,1.0,10.962184282291943,2.848824676918353,2.774755348194173,54.91559553092688,54.91559553092688,0.12169364608862934,33052.33196919002,uncalibrated_drag_and_engine;trim_stability_control_unverified;engine_mass_thrust_coupling_unverified;flutter_analysis_required,True,True,True,True,True,True,True,True
D0033_pessimistic_original_wing_scaled_loss20,D0033,original_wing_scaled,20,0.8,0.0,262.5,3.49082456784987,4.092833214471909,0.0945843687579658,0.0075667495006372645,253.58954099061555,False,True,False,target_reached,,time_limit,pessimistic,18.0,3.0,21.0,0.08,6000,0.0,600,1.3193335019885795,2574.245625,28.259188325259927,1.0,28.259188325259927,2.6130744028031705,1.3700079516137327,3.57367106141146,3.57367106141146,0.12169364608862934,33052.33196919002,uncalibrated_drag_and_engine;trim_stability_control_unverified;engine_mass_thrust_coupling_unverified;flutter_analysis_required,True,True,True,True,True,True,True,True
D0033_pessimistic_fixed_body_50pct_loss20,D0033,fixed_body_50pct,20,0.8,0.5,262.5,-55.40291327544088,-54.800904628818785,0.11685728201949791,0.009348582561559833,253.58954099061555,False,False,False,time_limit,time_limit;reached_mach_1,gate_failed,pessimistic,18.0,3.0,21.0,0.08,6000,0.0,600,1.3193335019885795,2574.245625,120.0,0.9529176202191842,,,1.3532735175711808,0.014121821100445686,0.014121821100445686,0.12169364608862934,30013.23584931036,uncalibrated_drag_and_engine;trim_stability_control_unverified;engine_mass_thrust_coupling_unverified;flutter_analysis_required,False,True,True,True,True,True,True,True
D0033_optimistic_original_wing_scaled_loss25,D0033,original_wing_scaled,25,0.75,0.0,262.5,137.94522939645992,138.54723804308196,0.037741272452147534,0.003019301796171803,237.74019467870204,True,True,True,target_reached,,hold_complete,optimistic,18.0,3.0,21.0,0.08,6000,0.0,600,1.2368751581142934,2574.245625,7.345768054253124,1.0,7.345768054253124,2.898370122604005,2.859159978696028,137.96713904434057,137.96713904434057,0.12169364608862934,33052.33196919002,uncalibrated_drag_and_engine;trim_stability_control_unverified;engine_mass_thrust_coupling_unverified;flutter_analysis_required,True,True,True,True,True,True,True,True
D0033_optimistic_fixed_body_50pct_loss25,D0033,fixed_body_50pct,25,0.75,0.5,262.5,115.8146963892602,116.41670503588226,0.046110777600766414,0.003688862208061313,237.74019467870204,True,True,True,target_reached,,hold_complete,optimistic,18.0,3.0,21.0,0.08,6000,0.0,600,1.2368751581142934,2574.245625,8.011560624841168,1.0,8.011560624841168,2.889218196647924,2.842146741189434,115.83857381773169,115.83857381773169,0.12169364608862934,33052.33196919002,uncalibrated_drag_and_engine;trim_stability_control_unverified;engine_mass_thrust_coupling_unverified;flutter_analysis_required,True,True,True,True,True,True,True,True
D0033_baseline_original_wing_scaled_loss25,D0033,original_wing_scaled,25,0.75,0.0,262.5,76.24177856189809,76.84378720852013,0.061076785848025006,0.004886142867842001,237.74019467870204,True,True,True,target_reached,,hold_complete,baseline,18.0,3.0,21.0,0.08,6000,0.0,600,1.2368751581142934,2574.245625,9.858982399080174,1.0,9.858982399080174,2.863864090591515,2.8014948115730784,76.27110294441627,76.27110294441627,0.12169364608862934,33052.33196919002,uncalibrated_drag_and_engine;trim_stability_control_unverified;engine_mass_thrust_coupling_unverified;flutter_analysis_required,True,True,True,True,True,True,True,True
D0033_baseline_fixed_body_50pct_loss25,D0033,fixed_body_50pct,25,0.75,0.5,262.5,39.033696967075,39.63570561369704,0.07514844107552411,0.006011875286041929,237.74019467870204,True,True,True,target_reached,,hold_complete,baseline,18.0,3.0,21.0,0.08,6000,0.0,600,1.2368751581142934,2574.245625,13.099897493785335,1.0,13.099897493785335,2.8195013572559677,2.734656362243898,39.07253611182236,39.07253611182236,0.12169364608862934,33052.33196919002,uncalibrated_drag_and_engine;trim_stability_control_unverified;engine_mass_thrust_coupling_unverified;flutter_analysis_required,True,True,True,True,True,True,True,True
D0033_pessimistic_original_wing_scaled_loss25,D0033,original_wing_scaled,25,0.75,0.0,262.5,-12.358521744063637,-11.756513097441598,0.0945843687579658,0.0075667495006372645,237.74019467870204,False,False,False,time_limit,time_limit;reached_mach_1,gate_failed,pessimistic,18.0,3.0,21.0,0.08,6000,0.0,600,1.2368751581142934,2574.245625,120.0,0.9858317187745071,,,1.3639269565918062,0.019091682967086854,0.019091682967086854,0.12169364608862934,32122.377431689136,uncalibrated_drag_and_engine;trim_stability_control_unverified;engine_mass_thrust_coupling_unverified;flutter_analysis_required,False,True,True,True,True,True,True,True
D0033_pessimistic_fixed_body_50pct_loss25,D0033,fixed_body_50pct,25,0.75,0.5,262.5,-71.25225958735439,-70.65025094073229,0.11685728201949791,0.009348582561559833,237.74019467870204,False,False,False,time_limit,time_limit;reached_mach_1,gate_failed,pessimistic,18.0,3.0,21.0,0.08,6000,0.0,600,1.2368751581142934,2574.245625,120.0,0.9407601201940641,,,1.3490649414499554,0.014203765132549506,0.014203765132549506,0.12169364608862934,29252.292265624717,uncalibrated_drag_and_engine;trim_stability_control_unverified;engine_mass_thrust_coupling_unverified;flutter_analysis_required,False,True,True,True,True,True,True,True
D0036_optimistic_original_wing_scaled_loss15,D0036,original_wing_scaled,15,0.85,0.0,300.0,168.94929665879988,169.64392202028688,0.038003971526654017,0.0030403177221323212,269.438887302529,True,True,True,target_reached,,hold_complete,optimistic,21.0,3.0,24.0,0.08,6000,0.0,600,1.2265678651300076,2941.995,7.120604428486752,1.0,7.120604428486752,2.9014624302969607,2.8660976809041223,168.97358330167265,168.97358330167265,0.13907845267271926,33052.33196919002,uncalibrated_drag_and_engine;trim_stability_control_unverified;engine_mass_thrust_coupling_unverified;flutter_analysis_required,True,True,True,True,True,True,True,True
D0036_optimistic_fixed_body_50pct_loss15,D0036,fixed_body_50pct,15,0.85,0.5,300.0,146.8187636516002,147.51338901308716,0.0463734766752729,0.0037098781340218316,269.438887302529,True,True,True,target_reached,,hold_complete,optimistic,21.0,3.0,24.0,0.08,6000,0.0,600,1.2265678651300076,2941.995,7.646720937885423,1.0,7.646720937885423,2.894226807266022,2.8519957936602247,146.84482972701443,146.84482972701443,0.13907845267271926,33052.33196919002,uncalibrated_drag_and_engine;trim_stability_control_unverified;engine_mass_thrust_coupling_unverified;flutter_analysis_required,True,True,True,True,True,True,True,True
D0036_baseline_original_wing_scaled_loss15,D0036,original_wing_scaled,15,0.85,0.0,300.0,107.24584582423805,107.94047118572504,0.061339484922531495,0.004907158793802519,269.438887302529,True,True,True,target_reached,,hold_complete,baseline,21.0,3.0,24.0,0.08,6000,0.0,600,1.2265678651300076,2941.995,8.991016624083315,1.0,8.991016624083315,2.87576293984033,2.820813568382189,107.27645021519561,107.27645021519561,0.13907845267271926,33052.33196919002,uncalibrated_drag_and_engine;trim_stability_control_unverified;engine_mass_thrust_coupling_unverified;flutter_analysis_required,True,True,True,True,True,True,True,True
D0036_baseline_fixed_body_50pct_loss15,D0036,fixed_body_50pct,15,0.85,0.5,300.0,70.03776422941496,70.73238959090196,0.0754111401500306,0.006032891212002448,269.438887302529,True,True,True,target_reached,,hold_complete,baseline,21.0,3.0,24.0,0.08,6000,0.0,600,1.2265678651300076,2941.995,10.91726143533974,1.0,10.91726143533974,2.849354349604422,2.779982733633275,70.07485360707167,70.07485360707167,0.13907845267271926,33052.33196919002,uncalibrated_drag_and_engine;trim_stability_control_unverified;engine_mass_thrust_coupling_unverified;flutter_analysis_required,True,True,True,True,True,True,True,True
D0036_pessimistic_original_wing_scaled_loss15,D0036,original_wing_scaled,15,0.85,0.0,300.0,18.64554551827632,19.34017087976332,0.09484706783247229,0.007587765426597784,269.438887302529,True,True,True,target_reached,,hold_complete,pessimistic,21.0,3.0,24.0,0.08,6000,0.0,600,1.2265678651300076,2941.995,18.9321246803375,1.0,18.9321246803375,2.739791916988427,2.605056172585898,18.70946278163609,18.70946278163609,0.13907845267271926,33052.33196919002,uncalibrated_drag_and_engine;trim_stability_control_unverified;engine_mass_thrust_coupling_unverified;flutter_analysis_required,True,True,True,True,True,True,True,True
D0036_pessimistic_fixed_body_50pct_loss15,D0036,fixed_body_50pct,15,0.85,0.5,300.0,-40.24819232501443,-39.55356696352743,0.1171199810940044,0.009369598487520352,269.438887302529,False,False,False,time_limit,time_limit;reached_mach_1,gate_failed,pessimistic,21.0,3.0,24.0,0.08,6000,0.0,600,1.2265678651300076,2941.995,120.0,0.9648477958773798,,,1.357037525627167,0.019064328414060583,0.019064328414060583,0.13907845267271926,30769.449350409745,uncalibrated_drag_and_engine;trim_stability_control_unverified;engine_mass_thrust_coupling_unverified;flutter_analysis_required,False,True,True,True,True,True,True,True
D0036_optimistic_original_wing_scaled_loss20,D0036,original_wing_scaled,20,0.8,0.0,300.0,153.09995034688643,153.79457570837343,0.038003971526654017,0.0030403177221323212,253.58954099061555,True,True,True,target_reached,,hold_complete,optimistic,21.0,3.0,24.0,0.08,6000,0.0,600,1.154416814240007,2941.995,7.721470131377371,1.0,7.721470131377371,2.893158768089892,2.8554615704369186,153.12627903596618,153.12627903596618,0.13907845267271926,33052.33196919002,uncalibrated_drag_and_engine;trim_stability_control_unverified;engine_mass_thrust_coupling_unverified;flutter_analysis_required,True,True,True,True,True,True,True,True
D0036_optimistic_fixed_body_50pct_loss20,D0036,fixed_body_50pct,20,0.8,0.5,300.0,130.96941733968674,131.6640427011737,0.0463734766752729,0.0037098781340218316,253.58954099061555,True,True,True,target_reached,,hold_complete,optimistic,21.0,3.0,24.0,0.08,6000,0.0,600,1.154416814240007,2941.995,8.35141114773771,1.0,8.35141114773771,2.884497284238887,2.839401478938094,130.99787531480737,130.99787531480737,0.13907845267271926,33052.33196919002,uncalibrated_drag_and_engine;trim_stability_control_unverified;engine_mass_thrust_coupling_unverified;flutter_analysis_required,True,True,True,True,True,True,True,True
D0036_baseline_original_wing_scaled_loss20,D0036,original_wing_scaled,20,0.8,0.0,300.0,91.3964995123246,92.0911248738116,0.061339484922531495,0.004907158793802519,253.58954099061555,True,True,True,target_reached,,hold_complete,baseline,21.0,3.0,24.0,0.08,6000,0.0,600,1.154416814240007,2941.995,10.021439088174922,1.0,10.021439088174922,2.861567777005682,2.802404586492837,91.43059060966971,91.43059060966971,0.13907845267271926,33052.33196919002,uncalibrated_drag_and_engine;trim_stability_control_unverified;engine_mass_thrust_coupling_unverified;flutter_analysis_required,True,True,True,True,True,True,True,True
D0036_baseline_fixed_body_50pct_loss20,D0036,fixed_body_50pct,20,0.8,0.5,300.0,54.18841791750151,54.88304327898851,0.0754111401500306,0.006032891212002448,253.58954099061555,True,True,True,target_reached,,hold_complete,baseline,21.0,3.0,24.0,0.08,6000,0.0,600,1.154416814240007,2941.995,12.624532527660413,1.0,12.624532527660413,2.82590439417694,2.748944457083408,54.23125973317261,54.23125973317261,0.13907845267271926,33052.33196919002,uncalibrated_drag_and_engine;trim_stability_control_unverified;engine_mass_thrust_coupling_unverified;flutter_analysis_required,True,True,True,True,True,True,True,True
D0036_pessimistic_original_wing_scaled_loss20,D0036,original_wing_scaled,20,0.8,0.0,300.0,2.7961992063628713,3.49082456784987,0.09484706783247229,0.007587765426597784,253.58954099061555,False,True,False,target_reached,,time_limit,pessimistic,21.0,3.0,24.0,0.08,6000,0.0,600,1.154416814240007,2941.995,34.127496874335584,1.0,34.127496874335584,2.53290538997981,1.3691819658768163,2.910438651209205,2.910438651209205,0.13907845267271926,33052.33196919002,uncalibrated_drag_and_engine;trim_stability_control_unverified;engine_mass_thrust_coupling_unverified;flutter_analysis_required,True,True,True,True,True,True,True,True
D0036_pessimistic_fixed_body_50pct_loss20,D0036,fixed_body_50pct,20,0.8,0.5,300.0,-56.09753863692788,-55.40291327544088,0.1171199810940044,0.009369598487520352,253.58954099061555,False,False,False,time_limit,time_limit;reached_mach_1,gate_failed,pessimistic,21.0,3.0,24.0,0.08,6000,0.0,600,1.154416814240007,2941.995,120.0,0.9523735753990856,,,1.3527472151639919,0.01885521182168759,0.01885521182168759,0.13907845267271926,29978.974998295274,uncalibrated_drag_and_engine;trim_stability_control_unverified;engine_mass_thrust_coupling_unverified;flutter_analysis_required,False,True,True,True,True,True,True,True
D0036_optimistic_original_wing_scaled_loss25,D0036,original_wing_scaled,25,0.75,0.0,300.0,137.25060403497292,137.94522939645992,0.038003971526654017,0.0030403177221323212,237.74019467870204,True,True,True,target_reached,,hold_complete,optimistic,21.0,3.0,24.0,0.08,6000,0.0,600,1.0822657633500068,2941.995,8.43481881692563,1.0,8.43481881692563,2.883302998200004,2.842917804682936,137.27935554548077,137.27935554548077,0.13907845267271926,33052.33196919002,uncalibrated_drag_and_engine;trim_stability_control_unverified;engine_mass_thrust_coupling_unverified;flutter_analysis_required,True,True,True,True,True,True,True,True
D0036_optimistic_fixed_body_50pct_loss25,D0036,fixed_body_50pct,25,0.75,0.5,300.0,115.12007102777322,115.8146963892602,0.0463734766752729,0.0037098781340218316,237.74019467870204,True,True,True,target_reached,,hold_complete,optimistic,21.0,3.0,24.0,0.08,6000,0.0,600,1.0822657633500068,2941.995,9.203412433927985,1.0,9.203412433927985,2.872738020774641,2.8242973104586264,115.15141859249256,115.15141859249256,0.13907845267271926,33052.33196919002,uncalibrated_drag_and_engine;trim_stability_control_unverified;engine_mass_thrust_coupling_unverified;flutter_analysis_required,True,True,True,True,True,True,True,True
D0036_baseline_original_wing_scaled_loss25,D0036,original_wing_scaled,25,0.75,0.0,300.0,75.54715320041109,76.24177856189809,0.061339484922531495,0.004907158793802519,237.74019467870204,True,True,True,target_reached,,hold_complete,baseline,21.0,3.0,24.0,0.08,6000,0.0,600,1.0822657633500068,2941.995,11.34117521861713,1.0,11.34117521861713,2.843399677340871,2.7789901425377845,75.58570383684372,75.58570383684372,0.13907845267271926,33052.33196919002,uncalibrated_drag_and_engine;trim_stability_control_unverified;engine_mass_thrust_coupling_unverified;flutter_analysis_required,True,True,True,True,True,True,True,True
D0036_baseline_fixed_body_50pct_loss25,D0036,fixed_body_50pct,25,0.75,0.5,300.0,38.339071605588,39.033696967075,0.0754111401500306,0.006032891212002448,237.74019467870204,True,True,True,target_reached,,hold_complete,baseline,21.0,3.0,24.0,0.08,6000,0.0,600,1.0822657633500068,2941.995,15.116486725213456,1.0,15.116486725213456,2.7917239664023454,2.7026100828043975,38.39028798364512,38.39028798364512,0.13907845267271926,33052.33196919002,uncalibrated_drag_and_engine;trim_stability_control_unverified;engine_mass_thrust_coupling_unverified;flutter_analysis_required,True,True,True,True,True,True,True,True
D0036_pessimistic_original_wing_scaled_loss25,D0036,original_wing_scaled,25,0.75,0.0,300.0,-13.053147105550636,-12.358521744063637,0.09484706783247229,0.007587765426597784,237.74019467870204,False,False,False,time_limit,time_limit;reached_mach_1,gate_failed,pessimistic,21.0,3.0,24.0,0.08,6000,0.0,600,1.0822657633500068,2941.995,120.0,0.9850927704238395,,,1.3631482766077974,0.02543397628963362,0.02543397628963362,0.13907845267271926,32074.23963859333,uncalibrated_drag_and_engine;trim_stability_control_unverified;engine_mass_thrust_coupling_unverified;flutter_analysis_required,False,True,True,True,True,True,True,True
D0036_pessimistic_fixed_body_50pct_loss25,D0036,fixed_body_50pct,25,0.75,0.5,300.0,-71.94688494884139,-71.25225958735439,0.1171199810940044,0.009369598487520352,237.74019467870204,False,False,False,time_limit,time_limit;reached_mach_1,gate_failed,pessimistic,21.0,3.0,24.0,0.08,6000,0.0,600,1.0822657633500068,2941.995,120.0,0.9402140416950252,,,1.3485635726582381,0.018979661303632156,0.018979661303632156,0.13907845267271926,29218.342247290122,uncalibrated_drag_and_engine;trim_stability_control_unverified;engine_mass_thrust_coupling_unverified;flutter_analysis_required,False,True,True,True,True,True,True,True
