time_s,mach,q_pa,cl,reynolds,cd_parasite,cd_induced,cd_wave,cd_total,drag_n,speed_m_s,altitude_m,mass_kg,fuel_kg,thrust_n,fuel_flow_kg_s,excess_thrust_n,acceleration_force_n,acceleration_m_s2,climb_rate_m_s,specific_excess_power_m_s,throttle,phase,required_throttle
18.9321246803375,1.0,33052.33196919002,0.08804516070898874,2138886.643698051,0.032600854016424395,0.0010966766335205821,0.05912536443148688,0.09482289508143185,250.7294245208929,316.4517199951066,6000.0,23.739791916988427,2.739791916988427,269.438887302529,0.013559771349099201,18.70946278163609,18.70946278163609,0.7881055927978634,0.0,25.43145420491677,1.0,accelerate_to_hold,
18.963693300221554,1.000078491536162,33057.52082944283,0.08802975341253663,2139054.5281963916,0.0326005070867664,0.0010962928453951476,0.05913204582479353,0.09482884575695508,250.7845235074051,316.47655877673014,6000.0,23.7393638565312,2.7393638565311975,269.4325930548605,0.01355959340708159,18.64806954745538,18.64806954745538,0.7855336672100799,0.0,25.350450133522788,1.0,accelerate_to_hold,
18.981836123023765,1.0001234855344427,33060.49544294994,0.08802092078722416,2139150.76525836,0.032600308229707824,0.0010960728593614978,0.05913586488482426,0.09483224597389359,250.81608286916935,316.4907972048755,6000.0,23.73911784815636,2.739117848156361,269.4289849796129,0.013559491401785377,18.612902110443542,18.612902110443542,0.7840603947247798,0.0,25.304043621747994,1.0,accelerate_to_hold,
19.011210436459418,1.0001961547217713,33065.29998289646,0.08800665433011624,2139306.1964125456,0.03259998708107971,0.0010957175845230985,0.05914201615074323,0.09483772081634603,250.86701507893326,316.51379349419625,6000.0,23.738719549826843,2.7387195498268433,269.42315762694176,0.013559326649934578,18.556142548008495,18.556142548008495,0.7816825380602236,0.0,25.22913588530363,1.0,accelerate_to_hold,
19.031547565710035,1.0002463376869897,33068.6180448939,0.08799680164612475,2139413.532086593,0.03259976532267911,0.0010954722586469362,0.059146251862371754,0.0948414894436978,250.90215913779832,316.5296739798541,6000.0,23.738443793205548,2.738443793205546,269.41913344768284,0.013559212874446912,18.516974309884517,18.516974309884517,0.7800416266202115,0.0,25.177437939032252,1.0,accelerate_to_hold,
19.0812590083963,1.0003685605927022,33076.70003303819,0.08797280242080428,2139674.9530271753,0.032599225275809364,0.0010948748073760933,0.0591565265701216,0.09485062665330705,250.98765806057077,316.56835162858965,6000.0,23.737769752065624,2.7377697520656232,269.4093323751477,0.013558935757953857,18.421674314576933,18.421674314576933,0.7760490773558838,0.0,25.05163100563801,1.0,accelerate_to_hold,
19.090905605622453,1.0003922056205867,33078.263674216825,0.08796815914678444,2139725.527061507,0.03259912080843442,0.0010947592337114016,0.0591585074904908,0.09485238753263663,251.00418279468408,316.575834138333,6000.0,23.73763895473218,2.7376389547321813,269.4074362769324,0.013558882145670066,18.403253482248317,18.403253482248317,0.7752773355995275,0.0,25.02730995864691,1.0,accelerate_to_hold,
19.130970451082568,1.0004901583538974,33084.74166344602,0.08794892225405117,2139935.0368544995,0.03259868806973202,0.0010942804817749006,0.05916669020051795,0.09485965875202487,251.0725843274711,316.6068314492674,6000.0,23.73709572466668,2.7370957246666823,269.39958143304204,0.013558660043247118,18.32699710557094,18.32699710557094,0.7720825377354916,0.0,24.926616723319732,1.0,accelerate_to_hold,
19.17127198634772,1.0005882827616652,33091.23164208956,0.08792964917979991,2140144.913839694,0.032598254623572076,0.0010938009343831837,0.05917484923421454,0.0948669047921698,251.14101773165976,316.637883086879,6000.0,23.73654929433745,2.7365492943374505,269.3917128225521,0.013558437541434107,18.25069509089235,18.25069509089235,0.7688857746162036,0.0,24.82584409661708,1.0,accelerate_to_hold,
19.180681893768835,1.0006111350402822,33092.743190233334,0.08792516029627657,2140193.7922732066,0.03259815368524203,0.0010936892582941848,0.05917674393260484,0.09486858687614105,251.15694258499812,316.6451147297532,6000.0,23.73642171093926,2.736421710939261,269.3898802950156,0.013558385721338224,18.232937710017467,18.232937710017467,0.768141800481012,0.0,24.80238904641536,1.0,accelerate_to_hold,
19.213693300221554,1.0006911297083292,33098.03465408288,0.08790944581746067,2140364.8918002597,0.03259780037122866,0.0010932983526474765,0.05918336007084284,0.09487445879471898,251.2126499979974,316.6704291800471,6000.0,23.7359741325532,2.7359741325532,269.38346551098317,0.013558204320156985,18.17081551298577,18.17081551298577,0.765539067893785,0.0,24.720326022037916,1.0,accelerate_to_hold,
19.230393336455105,1.0007314946889863,33100.704865568034,0.08790151570548094,2140451.22791826,0.03259762210329546,0.0010931011136082905,0.059186688932164305,0.09487741214906806,251.24073743641287,316.6832027476036,6000.0,23.73574771081434,2.735747710814342,269.38022863733016,0.013558112783309269,18.13949120091729,18.13949120091729,0.7642266602224073,0.0,24.678941981648837,1.0,accelerate_to_hold,
19.2523205573856,1.0007843890548624,33104.204080040974,0.08789112339870062,2140564.3629709594,0.032597388513636645,0.001092842661396062,0.05919104131278941,0.09488127248782212,251.2775206248672,316.69994126066314,6000.0,23.735450420395544,2.735450420395544,269.3759870304592,0.01355799283061146,18.098466405592006,18.098466405592006,0.762507813630545,0.0,24.62473727395087,1.0,accelerate_to_hold,
19.28010477914137,1.0008512413050408,33108.626939698624,0.08787798764714254,2140707.352355967,0.03259709330500713,0.0010925160246117766,0.059196526351890245,0.09488613568150916,251.32397344229707,316.7210967702176,6000.0,23.73507372422335,2.7350737242233514,269.3706261388218,0.013557841220311895,18.046652696524745,18.046652696524745,0.760336913472775,0.0,24.5562695874717,1.0,accelerate_to_hold,
19.329816221827638,1.0009703788614663,33116.50966095722,0.08785457529417481,2140962.174084168,0.032596567271649966,0.0010919339684178262,0.059206257331528005,0.0948947585715958,251.40665512083643,316.7587980548645,6000.0,23.734399751098156,2.734399751098155,269.3610724808935,0.013557571023567139,17.95441736005705,17.95441736005705,0.7564723586163719,0.0,24.434365973808625,1.0,accelerate_to_hold,
19.33401570819952,1.0009804155021547,33117.17377686255,0.08785260275674288,2140983.641320884,0.03259652295985481,0.0010918849361064432,0.059207074538284374,0.09489548243424563,251.4136145931296,316.7619741670733,6000.0,23.734342816311205,2.734342816311206,269.36026764122107,0.013557548260392963,17.946653048091463,17.946653048091463,0.7561470392075821,0.0,24.424102919955445,1.0,accelerate_to_hold,
19.379527664513905,1.0010889112999883,33124.35327580396,0.08783127782677437,2141215.7015337683,0.032596043984651574,0.0010913549223539518,0.05921588299806378,0.0949032819050693,251.48878694853832,316.79630784891003,6000.0,23.73372579137105,2.733725791371051,269.3515673474576,0.01355730218436383,17.862780398919284,17.862780398919284,0.7526327958762259,0.0,24.31322530115694,1.0,accelerate_to_hold,
19.416436450208007,1.0011765278515548,33130.15169905694,0.08781405420945974,2141403.10340568,0.03259565723028874,0.0010909269373135708,0.059222962213068706,0.09490954638067102,251.54941354242496,316.8240342573532,6000.0,23.733225411479854,2.7332254114798524,269.3445413634804,0.013557103454875263,17.795127821055445,17.795127821055445,0.7497981210951576,0.0,24.22377321551716,1.0,accelerate_to_hold,
19.429239107200175,1.0012068425311975,33132.15802883479,0.08780809443236672,2141467.943069076,0.03259552342559335,0.0010907788639601384,0.05922540446586644,0.09491170675541993,251.57037336055996,316.8336273898673,6000.0,23.733051844974767,2.733051844974768,269.34211042492325,0.013557034694058315,17.771737064363293,17.771737064363293,0.7488180273000279,0.0,24.19284178026059,1.0,accelerate_to_hold,
19.463693300221554,1.0012882280525002,33137.54470306308,0.08779209290340759,2141642.017473581,0.032595164225492836,0.001090381348461513,0.05923194308537789,0.09491748865933224,251.62660188408842,316.8593819780662,6000.0,23.732584751466696,2.732584751466696,269.33558410816664,0.013556850087786275,17.708982224078227,17.708982224078227,0.7461885171603061,0.0,24.109847132970412,1.0,accelerate_to_hold,
19.47895054988644,1.0013241764345762,33139.924162780524,0.08778502430557569,2141718.9069878664,0.03259500557621007,0.0010902057709875823,0.059234822836817184,0.09492003418401485,251.65141875094295,316.87075790540524,6000.0,23.732377911842462,2.7323779118424634,269.33270140219435,0.013556768544074399,17.681282651251394,17.681282651251394,0.7450278567504367,0.0,24.07320967192166,1.0,accelerate_to_hold,
19.49954899298224,1.0013726208090445,33143.13087998498,0.0877754979653373,2141822.524013378,0.03259479178977023,0.0010899691678160212,0.05923869548201952,0.09492345643960579,251.68484322867258,316.8860882110298,6000.0,23.73209866464923,2.7320986646492305,269.32881664077985,0.013556658652856799,17.64397341210727,17.64397341210727,0.7434645229412145,0.0,24.02385772904314,1.0,accelerate_to_hold,
19.528661992572708,1.0014409168589475,33147.6519185337,0.08776206664811954,2141968.6015223335,0.0325944904183877,0.0010896356213956145,0.05924413920047214,0.09492826524025547,251.73192747313846,316.9077006134905,6000.0,23.731703991907718,2.731703991907718,269.3233399706331,0.013556503725902391,17.591412497494673,17.591412497494673,0.7412620898816694,0.0,23.954323286377143,1.0,accelerate_to_hold,
19.578373435258975,1.0015570676225618,33155.34153515171,0.08773922066877056,2142217.0348392827,0.03259397793416282,0.0010890683933502145,0.05925335463419391,0.09493640096170694,251.8119038402799,316.94445672241494,6000.0,23.73103008510454,2.73103008510454,269.3140258240535,0.013556240231098955,17.502121983773577,17.502121983773577,0.7375205341279848,0.0,23.836176983049203,1.0,accelerate_to_hold,
19.58334601596132,1.001568653759742,33156.10862984777,0.08773694152465772,2142241.81627335,0.032593926817338685,0.0010890118140562625,0.05925427093208648,0.09493720956348142,251.819874664113,316.9481231754537,6000.0,23.73096267567133,2.7309626756713272,269.31309673003267,0.013556213946489796,17.493222065919667,17.493222065919667,0.7371475951059284,0.0,23.824399440392312,1.0,accelerate_to_hold,
19.628084877945245,1.0016726325137697,33162.99324989865,0.08771648558321246,2142464.2150415676,0.032593468105719337,0.0010885040652199888,0.05926247020332843,0.09494444237426775,251.89135212585865,316.9810274310087,6000.0,23.73035619136735,2.7303561913673504,269.3047586586671,0.013555978051285618,17.413406532808438,17.413406532808438,0.7338029986731974,0.0,23.71876516969457,1.0,accelerate_to_hold,
19.66789170891515,1.0017647521399522,33169.093252869985,0.08769835971289248,2142661.2484796327,0.032593061759441946,0.0010880542513709666,0.05926969827597843,0.09495081428679134,251.95459308116173,317.01017884515954,6000.0,23.72981657500302,2.729816575003019,269.2973715724833,0.013555769051216714,17.34277849132158,17.34277849132158,0.7308433437109015,0.0,23.62527255460196,1.0,accelerate_to_hold,
19.67779632063151,1.0017876152911909,33170.607298253846,0.08769386061398683,2142710.1501684496,0.0325929609153876,0.001087942615574372,0.05927148696133951,0.09495239049230149,251.97027656404677,317.0174139286935,6000.0,23.729682310630984,2.729682310630984,269.29553817306964,0.013555717178148425,17.325261609022874,17.325261609022874,0.730109294436744,0.0,23.602082302074578,1.0,accelerate_to_hold,
19.713693300221554,1.001870285319417,33176.08216767128,0.08767759099815613,2142886.971987657,0.03259259630012438,0.001087538966645661,0.05927793717530728,0.09495807244207732,252.02694510576313,317.0435750013177,6000.0,23.72919570469674,2.72919570469674,269.28890885151657,0.01355552960763495,17.261963745753434,17.261963745753434,0.72745675667114,0.0,23.518274925064308,1.0,accelerate_to_hold,
19.727507763317778,1.0019020196837336,33178.183913910616,0.08767134499046546,2142954.8481956394,0.03259245634564407,0.001087384023182477,0.05928040594993064,0.09496024631875719,252.04868134991838,317.05361739548863,6000.0,23.72900844283069,2.7290084428306898,269.2863640682395,0.013555457603437944,17.23768271832111,17.23768271832111,0.7264392340645477,0.0,23.486122883775085,1.0,accelerate_to_hold,
19.753171314648498,1.001960855841186,33182.080770353125,0.0876597638361506,2143080.6920669815,0.03259219688126187,0.0010870967610123452,0.059284972454584695,0.09496426609685892,252.08895583386237,317.0722361987124,6000.0,23.72866056336245,2.7286605633624488,269.2816459882404,0.013555324103385892,17.192690154378056,17.192690154378056,0.7245537567731037,0.0,23.42654014431289,1.0,accelerate_to_hold,
19.777219206004048,1.0020158493910167,33185.72332880162,0.08764893794875334,2143198.317036203,0.0325919543791092,0.0010868282670102325,0.0592892281991969,0.09496801084531634,252.126570639944,317.0896390021449,6000.0,23.728334587902125,2.7283345879021237,269.2772360475037,0.013555199318968347,17.15066540755973,17.15066540755973,0.7227926319070022,0.0,23.370881465617874,1.0,accelerate_to_hold,
19.826930648690315,1.0021291080834538,33193.22577310196,0.08762663873165026,2143440.5645407396,0.03259145499854693,0.0010862753262189787,0.0592979547277491,0.09497568505251501,252.2039485522525,317.12547991017107,6000.0,23.72766074578135,2.7276607457813515,269.26815381653125,0.013554942316617262,17.06420526427874,17.06420526427874,0.719169304007883,0.0,23.256352645415472,1.0,accelerate_to_hold,
19.839174043110898,1.0021569152662593,33195.06789682717,0.08762116313583133,2143500.040952641,0.03259133240138945,0.0010861395725513343,0.05930008940337855,0.09497756137731933,252.2229278876148,317.134279540998,6000.0,23.727494787662586,2.7274947876625855,269.26592395450916,0.013554879215542501,17.042996066894375,17.042996066894375,0.7182804682673916,0.0,23.228254175722594,1.0,accelerate_to_hold,
19.87664209137658,1.0022417994028878,33200.69147526867,0.08760444658851738,2143681.598498738,0.03259095818686162,0.0010857251801617183,0.059306586542878806,0.09498326990990215,252.28081916726654,317.16114127203446,6000.0,23.726986916404837,2.7269869164048366,269.2591170832821,0.013554686588324354,16.97829791601555,16.97829791601555,0.7155690680756753,0.0,23.14253106716843,1.0,accelerate_to_hold,
19.9259164884439,1.0023529436224832,33208.05550568977,0.08758255448481059,2143919.323385555,0.03259046826138565,0.001085182608653361,0.059315049982202335,0.09499070085224134,252.35651731404826,317.1963130514929,6000.0,23.72631902361511,2.726319023615108,269.25020441219345,0.013554434357740522,16.893687098145193,16.893687098145193,0.7120230947468374,0.0,23.030402885920335,1.0,accelerate_to_hold,
19.926353534062848,1.0023539269627637,33208.120662049805,0.0875823607752241,2143921.4266389473,0.032590463927097094,0.0010851778083813628,0.05931512464068591,0.09499076637616437,252.35718652801998,317.19662423121605,6000.0,23.726313099709444,2.7263130997094422,269.2501255579938,0.013554432126091007,16.892939029973803,16.892939029973803,0.7119917434698557,0.0,23.0294114207335,1.0,accelerate_to_hold,
19.963693300221554,1.002437780759055,33213.67706959588,0.08756584093787033,2144100.780403858,0.032590094341815895,0.001084768473212987,0.059321476823878186,0.09499633963890708,252.4142198048248,317.2231599092805,6000.0,23.725806983938643,2.725806983938642,269.2434013099078,0.013554241819673313,16.829181505083028,16.829181505083028,0.7093196668284314,0.0,22.94490229559667,1.0,accelerate_to_hold,
19.976064976749118,1.0024654943481457,33215.51355848309,0.0875603805541233,2144160.056629413,0.032589972202436354,0.0010846331906096912,0.05932357000619312,0.09499817539923916,252.43305464036666,317.2319299222155,6000.0,23.725639295632426,2.7256392956324276,269.2411789531793,0.013554178921980287,16.80812431281265,16.80812431281265,0.7084371511922464,0.0,22.916988441650584,1.0,accelerate_to_hold,
20.01346820561107,1.0025490712617053,33221.05223456264,0.08754391165602592,2144338.8181735473,0.032589603886646806,0.0010842252199382227,0.05932986381161456,0.09500369291819959,252.48981159294857,317.25837798026333,6000.0,23.72513232912584,2.7251323291258416,269.2344769083598,0.013553989234144309,16.744665315411225,16.744665315411225,0.7057775308951538,0.0,22.832856751970517,1.0,accelerate_to_hold,
20.025776419435385,1.0025765051161097,33222.87038791964,0.08753850519396053,2144397.4960783185,0.03258948299619968,0.0010840913067646772,0.05933192361348788,0.09500549791645224,252.50842747344498,317.26705947067575,6000.0,23.724965504111445,2.7249655041114447,269.2322769835963,0.013553926968116112,16.723849510151325,16.723849510151325,0.7049051138663678,0.0,22.80525691058867,1.0,accelerate_to_hold,
20.07548786212165,1.0026869627958315,33230.19137202729,0.08751673396983756,2144633.7525341683,0.032588996291844016,0.001083552136949169,0.059340186425839665,0.09501273485463285,252.583308959931,317.3020139934103,6000.0,23.72429172508454,2.7242917250845395,269.22341936623974,0.013553676256683085,16.640110406308736,16.640110406308736,0.7013954557266953,0.0,22.69421165310338,1.0,accelerate_to_hold,
20.10178243908696,1.0027451662860476,33234.04934430659,0.08750526007167017,2144758.2432020083,0.0325887398584901,0.0010832680369530319,0.05934452060314441,0.09501652849858754,252.62271973174177,317.32043258799894,6000.0,23.723935338638725,2.723935338638724,269.218752019918,0.013553544144083461,16.596032288176218,16.596032288176218,0.699548032452549,0.0,22.635750666529997,1.0,accelerate_to_hold,
20.12519930480792,1.0027968708891755,33237.47673082757,0.08749506616308757,2144868.8334870567,0.03258851207296015,0.0010830156614473894,0.05934835939585358,0.09501988713026113,252.6577029966333,317.3367945985904,6000.0,23.72361795849014,2.723617958490142,269.2146058202944,0.013553426779925182,16.55690282366112,16.55690282366112,0.697908002591813,0.0,22.583847538883376,1.0,accelerate_to_hold,
20.174910747494188,1.00290623287088,33244.72668270544,0.08747350106122276,2145102.7463690527,0.032588030323271795,0.0010824818607232361,0.059356443465591734,0.09502695564958677,252.73161344480673,317.3714023858029,6000.0,23.722944204267066,2.722944204267064,269.2058360671207,0.013553178530145388,16.47422262231396,16.47422262231396,0.6944425818508112,0.0,22.474159481414112,1.0,accelerate_to_hold,
20.19086516308854,1.0029412163666231,33247.046016259286,0.08746660160102951,2145177.5721008475,0.03258787623103116,0.001082311106246113,0.05935901927975622,0.09502920661703348,252.7552324228099,317.38247297320225,6000.0,23.722727971857843,2.722727971857843,269.2030307355234,0.013553099115565698,16.447798312713473,16.447798312713473,0.6933350301122795,0.0,22.43909861736525,1.0,accelerate_to_hold,
20.213693300221554,1.0029911749980394,33250.35831065678,0.08745674783610179,2145284.427950321,0.03258765618880524,0.0010820672591481902,0.05936268914820385,0.09503241259615727,252.7889415958722,317.3982824680425,6000.0,23.722418581147625,2.7224185811476267,269.1990245456246,0.013552985704319146,16.410082949752393,16.410082949752393,0.6917542110480085,0.0,22.38905217140142,1.0,accelerate_to_hold,
20.224622190180455,1.0030150521885672,33251.94144440787,0.08745203795791155,2145335.4985542307,0.03258755102663525,0.00108195071541932,0.059364439566680624,0.09503394130873519,252.80504413034856,317.40583844605374,6000.0,23.7222704623545,2.722270462354501,269.1971098302532,0.013552931499705694,16.392065699904663,16.392065699904663,0.6909990224551932,0.0,22.365142437814555,1.0,accelerate_to_hold,
20.27433363286672,1.0031233322631092,33259.12123106587,0.08743067615289453,2145567.097359447,0.03258707416703768,0.0010814222063544935,0.059372348620443736,0.09504084499383592,252.87799884423424,317.44010386188376,6000.0,23.721596732692028,2.721596732692026,269.18842683537184,0.013552685681026312,16.3104279911376,16.3104279911376,0.6875771548994976,0.0,22.25679140831528,1.0,accelerate_to_hold,
20.280757313202272,1.0031372849776972,33260.04645778204,0.0874279231488811,2145596.9406343224,0.032587012724529046,0.0010813541041063326,0.05937336431968565,0.09504173114832104,252.88739147369506,317.4445192224137,6000.0,23.721509674673275,2.7215096746732734,269.1873079651654,0.013552654004514301,16.299916491470356,16.299916491470356,0.6871365572855287,0.0,22.242838692891986,1.0,accelerate_to_hold,
20.32404507555299,1.003231076488718,33266.26625619821,0.08740941495194875,2145797.550044537,0.032586599728596524,0.0010808963145225825,0.05938017153801238,0.09504766758113148,252.95048134276308,317.47419970739713,6000.0,23.72092301521959,2.72092301521959,269.17978681029405,0.013552441066585492,16.229305467530963,16.229305467530963,0.6841768112108485,0.0,22.14910143601771,1.0,accelerate_to_hold,
20.371459053199672,1.0033333450211668,33273.04887231331,0.08738922946482433,2146016.290842662,0.03258614945825495,0.001080397148628747,0.05938755348133775,0.09505410008822145,253.01917741993222,317.50656276039194,6000.0,23.720280445590713,2.720280445590715,269.17158588184486,0.013552208872443745,16.152408461912643,16.152408461912643,0.6809535198777619,0.0,22.04699989251971,1.0,accelerate_to_hold,
20.373756518239258,1.0033382882334962,33273.376731745884,0.08738825366677203,2146026.86381349,0.03258612769555681,0.0010803730210891436,0.059387909220468854,0.09505440993711481,253.02249534811446,317.5081270484359,6000.0,23.720249309877516,2.7202493098775147,269.1711894849313,0.01355219764891832,16.14869413681683,16.14869413681683,0.6807978249238821,0.0,22.042067606188738,1.0,accelerate_to_hold,
20.423467960925525,1.0034449708396262,33280.45286808247,0.08736719161493052,2146255.045814857,0.032585658052290266,0.0010798523073897964,0.059395562558961446,0.0950610729186415,253.09404454865597,317.54188694263934,6000.0,23.71957561660649,2.7195756166064893,269.1626345912735,0.013551955420616319,16.06859004261753,16.06859004261753,0.6774400310673192,0.0,21.935685045922593,1.0,accelerate_to_hold,
20.462991622756242,1.0035294147052742,33286.05446741789,0.08735051634728849,2146435.661671234,0.03258528635195131,0.0010794401364712244,0.059401587833983034,0.09506631432240557,253.15060132418094,317.56860934916665,6000.0,23.71903999749494,2.7190399974949395,269.1558630254402,0.013551763678013959,16.005261701259286,16.005261701259286,0.6747853919446009,0.0,21.85156587917171,1.0,accelerate_to_hold,
20.463693300221554,1.0035309108741388,33286.15372030419,0.08735022086617893,2146438.861806835,0.03258527976653631,0.0010794328336264762,0.05940169432884536,0.09506640692900814,253.1516027740765,317.5690828143773,6000.0,23.719030488528944,2.719030488528943,269.155743047442,0.013551760280667981,16.004140273365493,16.004140273365493,0.6747383827979586,0.0,21.850076159014947,1.0,accelerate_to_hold,
20.47317940361179,1.00355112762338,33287.49487401266,0.08734622811983815,2146482.103141766,0.03258519078329499,0.0010793341549293458,0.05940313243480567,0.09506765737303001,253.16513259913023,317.57548043944735,6000.0,23.71890193534757,2.7189019353475707,269.15412186338835,0.013551714374327454,15.988989264258123,15.988989264258123,0.6741032661562721,0.0,21.829948923983096,1.0,accelerate_to_hold,
20.52289084629806,1.0036567618754557,33294.50295679261,0.08732536251067881,2146708.042832648,0.032584725873193866,0.0010788185453794962,0.05941061971960776,0.09507416413818112,253.2357631210606,317.6089085802071,6000.0,23.718228266042182,2.718228266042182,269.14565103739415,0.013551474502755399,15.90988791633356,15.90988791633356,0.6707873681742087,0.0,21.724854450316876,1.0,accelerate_to_hold,
20.555394146864376,1.0037255487570909,33299.06687466316,0.08731177235892697,2146855.1701750387,0.032584423164735005,0.0010784827857220963,0.05941547095947244,0.09507837690992954,253.2816984846539,317.6306763072136,6000.0,23.71778780093325,2.7177878009332535,269.1401350073796,0.013551318296939117,15.858436522725725,15.858436522725725,0.6686305087062852,0.0,21.65648418981137,1.0,accelerate_to_hold,
20.572602288984328,1.0037618768610734,33301.47732213419,0.08730459412237124,2146932.871871438,0.032584263306733946,0.0010783054605776282,0.05941802527536971,0.0950805940426813,253.30593970299185,317.6421723982031,6000.0,23.717554608632106,2.7175546086321076,269.1372218514526,0.013551235798659375,15.83128214846073,15.83128214846073,0.667492176562708,0.0,21.620396875812183,1.0,accelerate_to_hold,
20.622313731670594,1.003866475820486,33308.4181742369,0.08728392229546182,2147156.59718867,0.032583803068784035,0.0010777948825237956,0.059425349954622474,0.09508694790593031,253.3756659010085,317.6752729188189,6000.0,23.716880963059488,2.7168809630594897,269.1288340457273,0.013550998254852982,15.753168144718785,15.753168144718785,0.6642175321980711,0.0,21.51657149163951,1.0,accelerate_to_hold,
20.648626002326765,1.003921632305474,33312.07847325508,0.0872730195536831,2147274.570657724,0.03258356040208917,0.001077525641979267,0.059429194462936874,0.09509028050700531,253.41239090345593,317.6927272833622,6000.0,23.716524407174454,2.716524407174455,269.12441103919673,0.013550872990064253,15.7120201357408,15.7120201357408,0.6624925248738293,0.0,21.461870978571433,1.0,accelerate_to_hold,
20.67202517435686,1.003970561969175,33315.32571579888,0.08726334637607246,2147379.225661895,0.03258334514433365,0.0010772867933790935,0.05943259460053517,0.09509322653824792,253.44494523903833,317.70821115959916,6000.0,23.716207329266826,2.716207329266825,269.1204873623682,0.013550761864203826,15.675542123329848,15.675542123329848,0.6609632773780634,0.0,21.41337362891206,1.0,accelerate_to_hold,
20.713693300221554,1.0040574142299723,33321.09010097965,0.08724617305613223,2147564.992802489,0.032582963083548785,0.0010768628176529387,0.0594386060131621,0.09509843191436382,253.50267346243163,317.73569570691393,6000.0,23.71564269852841,2.7156426985284083,269.11352266697867,0.013550564604806956,15.610849204547037,15.610849204547037,0.6582511552813921,0.0,21.327353252457563,1.0,accelerate_to_hold,
20.72173661704313,1.0040741384978555,33322.20014801532,0.08724286571588184,2147600.7641156903,0.03258288951849283,0.0010767811754648561,0.0594397600470101,0.09509943074096779,253.51378120902797,317.74098813025125,6000.0,23.715533707196965,2.715533707196964,269.11218154551153,0.013550526619633511,15.598400336483564,15.598400336483564,0.6577292558147199,0.0,21.31079865853721,1.0,accelerate_to_hold,
20.742721110711834,1.0041177086476722,33325.09213516528,0.08723424873307153,2147693.955727197,0.0325826978733308,0.0010765684784934959,0.059442761196271336,0.09510202754809563,253.54270642250506,317.7547759791012,6000.0,23.71524935729558,2.7152493572955794,269.1086876488788,0.013550427659078925,15.565981226373736,15.565981226373736,0.6563701267423163,0.0,21.267684946682,1.0,accelerate_to_hold,
20.771448059729398,1.0041772085727914,33329.041670597384,0.0872224796720534,2147821.2193223354,0.032582436176490655,0.0010762780112605391,0.059446847118798295,0.09510556130654949,253.58217727132336,317.77360483274475,6000.0,23.714860096793107,2.714860096793108,269.10391634125415,0.013550292514116968,15.521739069930788,15.521739069930788,0.6545153126174145,0.0,21.20884199075797,1.0,accelerate_to_hold,
20.821159502415664,1.0042797753358919,33335.85048177677,0.08720218760720101,2148040.5980020184,0.032581985103674556,0.001075777283402543,0.05945385663159878,0.09511161901867587,253.6501368549036,317.8060622613422,6000.0,23.71418649799881,2.714186497998808,269.0956914976458,0.013550059540682259,15.445554642742223,15.445554642742223,0.6513212942828818,0.0,21.10749907491381,1.0,accelerate_to_hold,
20.83769489849644,1.0043137808552731,33338.108064035674,0.08719545862699796,2148113.3319532354,0.03258183556484375,0.0010756112645228264,0.05945617113831724,0.09511361796768382,253.67264593344387,317.81682336643973,6000.0,23.713962443036184,2.7139624430361837,269.0929645901148,0.01354998229701042,15.4203186566709,15.4203186566709,0.6502632655218367,0.0,21.073924877510454,1.0,accelerate_to_hold,
20.870870945101935,1.0043818419051862,33342.626778335354,0.08718198888928942,2148258.9068238502,0.03258153628550815,0.0010752789746814309,0.05946078939218246,0.09511760465237204,253.71766335786361,317.8383614027494,6000.0,23.71351291075796,2.71351291075796,269.0875067646514,0.01354982769240953,15.369843406787766,15.369843406787766,0.6481470486734602,0.0,21.00676539882637,1.0,accelerate_to_hold,
20.9205823877882,1.0044834113750238,33349.37075561663,0.08716188289158289,2148476.152406294,0.03258108970757018,0.0010747830680403387,0.05946764619849583,0.09512351897410634,253.78476014771243,317.87050323617854,6000.0,23.7128393350148,2.712839335014799,269.07936189413437,0.013549596962430585,15.294601746421932,15.294601746421932,0.644992425004021,0.0,20.906636488459494,1.0,accelerate_to_hold,
20.933558711153637,1.0045098429170307,33351.12586054206,0.0871566497473592,2148532.686478465,0.032580973502956107,0.0010746540133257756,0.05946942364783453,0.0951250511641164,253.80220430919593,317.87886754310875,6000.0,23.712663511452806,2.712663511452806,269.07724234494754,0.013549536917517223,15.275038035751606,15.275038035751606,0.6441721752756298,0.0,20.880598530527564,1.0,accelerate_to_hold,
20.963693300221554,1.0045710946679673,33355.19327143141,0.08714452109536346,2148663.697030446,0.03258070422758392,0.0010743549380934601,0.05947353169404829,0.09512859085972566,253.84260270120583,317.8982507650453,6000.0,23.71225520382336,2.7122552038233616,269.0723305581565,0.013549397768208331,15.229727856950689,15.229727856950689,0.6422724336441458,0.0,20.820288597031865,1.0,accelerate_to_hold,
20.970293830474468,1.00458448681608,33356.08260752421,0.08714186899262776,2148692.3413171745,0.032580645355554314,0.0010742895465742299,0.05947442783975046,0.095129362741879,253.8514305615401,317.90248873335,6000.0,23.712165770713902,2.7121657707139026,269.0712566398571,0.013549367343928918,15.219826078316999,15.219826078316999,0.6418572738351254,0.0,20.807107907775816,1.0,accelerate_to_hold,
21.020005273160734,1.004685071275643,33362.762526539176,0.08712194657618602,2148907.480074297,0.03258020321526776,0.0010737983935279458,0.05948113509653063,0.09513513670532633,253.91767790637147,317.9343188585835,6000.0,23.711492217800185,2.711492217800186,269.0631907574569,0.013549138830139055,15.145512851085414,15.145512851085414,0.6387414470572922,0.0,20.708175258310042,1.0,accelerate_to_hold,
21.030340785939917,1.004705922432381,33364.147357327056,0.08711781593463312,2148952.0783349504,0.03258011156624095,0.0010736965736928698,0.0594825203343615,0.09513632847429532,253.9313985801167,317.94091724299716,6000.0,23.71135218074751,2.711352180747509,269.061518700174,0.01354909145790149,15.130120120057313,15.130120120057313,0.6380960480331548,0.0,20.687680584174295,1.0,accelerate_to_hold,
21.069716715847004,1.0047851677777178,33369.41070372519,0.08710211503120144,2149121.5751456656,0.03257976327263065,0.0010733095922950615,0.059487768740887445,0.09514084160581315,253.98350545939556,317.9659945688305,6000.0,23.710818676218903,2.7108186762189015,269.0551640044385,0.013548911414346384,15.071658545042936,15.071658545042936,0.6356447978811995,0.0,20.60983417892949,1.0,accelerate_to_hold,
21.11942815853327,1.0048847793234634,33376.027328755736,0.08708237375170774,2149334.632950419,0.03257932551367402,0.0010728231264153214,0.05949432953645409,0.09514647817654343,254.04891646841398,317.99751681381315,6000.0,23.710145145915632,2.710145145915632,269.04717614013845,0.013548685089886159,14.998259671724469,14.998259671724469,0.632567180817453,0.0,20.512080345262085,1.0,accelerate_to_hold,
21.128044308327006,1.00490199523065,33377.17094944268,0.08707896126263887,2149371.4558243603,0.03257924986087892,0.0010727390468179832,0.05949545932333969,0.0951474482310366,254.06021160084453,318.0029648172536,6000.0,23.71002840858393,2.710028408583931,269.0457955940443,0.013548645973071602,14.985583993199782,14.985583993199782,0.6320356827482514,0.0,20.495196727143423,1.0,accelerate_to_hold,
21.169139601219538,1.0049839088913994,33382.61258992611,0.08706272213677747,2149546.6598592736,0.03257888992453863,0.0010723389795730808,0.059500818238544216,0.09515204714265593,254.1139141521335,318.02888653608886,6000.0,23.70947162683629,2.7094716268362884,269.0392269257089,0.013548459850143075,14.92531277357537,14.92531277357537,0.6295084516637519,0.0,20.414909469358072,1.0,accelerate_to_hold,
21.213693300221554,1.0050723462685238,33388.488108073274,0.08704518515231911,2149735.8173840083,0.032578501361894344,0.0010719070220702915,0.05950657306557958,0.09515698144954421,254.17181948226047,318.0568726961917,6000.0,23.708867997314012,2.7088679973140115,269.0321351196111,0.013548258896198791,14.860315637350624,14.860315637350624,0.6267830095909326,0.0,20.32831230742396,1.0,accelerate_to_hold,
21.218851043905804,1.005082559437407,33389.1666741519,0.08704315959050596,2149757.6621945226,0.03257845649147499,0.0010718571355966165,0.05950723559423607,0.09515754922130767,254.17850170032446,318.0601046710514,6000.0,23.708798118927113,2.7087981189271115,269.03131612411715,0.013548235688551296,14.852814423792694,14.852814423792694,0.6264684674983779,0.0,20.318317299551556,1.0,accelerate_to_hold,
21.226689356738078,1.0050980707565258,33390.19726414861,0.08704008313232496,2149790.8391478118,0.032578388345269486,0.0010717813693814364,0.05950824099558594,0.09515841071023687,254.18864839661452,318.0650132546659,6000.0,23.708691923755616,2.708691923755615,269.0300722691874,0.013548200441570107,14.841423872572847,14.841423872572847,0.6259908357787571,0.0,20.303139551148433,1.0,accelerate_to_hold,
21.268562486592074,1.0051807338949963,33395.689766984964,0.08702368552195024,2149967.646230613,0.032578025200841874,0.0010713775784563337,0.05951358234247305,0.09516298512177127,254.24268227415033,318.09117214701513,6000.0,23.708124622134665,2.7081246221346666,269.02344350012476,0.013548012598593858,14.78076122597443,14.78076122597443,0.6234470866655829,0.0,20.22229962006363,1.0,accelerate_to_hold,
21.31827392927834,1.0052784351754136,33402.182052618926,0.08700429934509538,2150176.618194369,0.032577596039105844,0.0010709002922636517,0.05951985921415293,0.09516835554552243,254.30645900639252,318.1220898852489,6000.0,23.707451136405844,2.7074511364058442,269.01560882027843,0.013547790573802464,14.709149813885915,14.709149813885915,0.6204441687659169,0.0,20.12685225076143,1.0,accelerate_to_hold,
21.326291931247614,1.0052941493810692,33403.22632620961,0.08700118072373901,2150210.229098962,0.03257752701770471,0.001070823521973179,0.059520865121017216,0.09516921566069511,254.31670800016406,318.12706267265696,6000.0,23.70734251033753,2.7073425103375293,269.0143486958479,0.013547754862552051,14.697640695683845,14.697640695683845,0.6199615452164229,0.0,20.1115105922718,1.0,accelerate_to_hold,
21.367985371964608,1.0053756661680426,33408.64371391424,0.08698500047877007,2150384.584265857,0.032577168992839294,0.0010704252612686424,0.059526066932234764,0.09517366118634271,254.369835001865,318.1528588001032,6000.0,23.706777661687852,2.706777661687853,269.00781185287804,0.013547569607756601,14.637976851013036,14.637976851013036,0.617459574637562,0.0,20.031971046630197,1.0,accelerate_to_hold,
21.417696814650874,1.0054724297406168,33415.07493241064,0.08696578834659571,2150591.550578832,0.03257674404871935,0.0010699524698585025,0.05953220621183252,0.09517890273041038,254.4328133377029,318.18347979907713,6000.0,23.70610419792822,2.706104197928219,269.00005236795965,0.013547349694083067,14.567239030256758,14.567239030256758,0.6144931663436227,0.0,19.937651897433582,1.0,accelerate_to_hold,
21.426866502222243,1.0054902277485147,33416.25791269652,0.0869622539390317,2150629.61850021,0.03257666589284351,0.001069865502987303,0.05953333123289477,0.09517986262872558,254.44438701572153,318.189112009289,6000.0,23.70597997314959,2.7059799731495904,268.9986251431251,0.013547309243642374,14.55423812740355,14.55423812740355,0.6139479635049175,0.0,19.920315023738084,1.0,accelerate_to_hold,
21.463693300221554,1.005561548273236,33420.9985844735,0.08694808870247897,2150782.165017958,0.03257635272174624,0.0010695169916974897,0.05953782635700439,0.09518369607044813,254.49073373083223,318.211681512008,6000.0,23.705481072115155,2.7054810721151554,268.992905939904,0.013547147146500989,14.502172209071773,14.502172209071773,0.6117645182966032,0.0,19.8508783383261,1.0,accelerate_to_hold,
21.467408257337144,1.0055687287392197,33421.47588832566,0.0869466623769715,2150797.5232207454,0.03257632119352783,0.0010694819025569126,0.05953827776029414,0.09518408085637889,254.49539706351257,318.21395378281886,6000.0,23.705430745074782,2.7054307450747834,268.9923301372954,0.013547130826456009,14.496933073782856,14.496933073782856,0.6115448071659633,0.0,19.843890727581055,1.0,accelerate_to_hold,
21.51711970002341,1.0056645659885277,33427.84676056909,0.08692762200301896,2151002.5082332594,0.032575900414149934,0.0010690135440224048,0.05954428227729538,0.09518919623546772,254.5575892016764,318.24428164520197,6000.0,23.704757303075702,2.704757303075703,268.98464493437405,0.013546912998596396,14.427055732697653,14.427055732697653,0.6086143615917019,0.0,19.750683495760978,1.0,accelerate_to_hold,
21.528434242983124,1.005686314750883,33429.292614745784,0.08692330022983052,2151049.026370578,0.03257580493156095,0.0010689072505539019,0.05954563963914565,0.09519035182126051,254.57169001068132,318.25116407845707,6000.0,23.70460402622632,2.7046040262263205,268.98290089796654,0.013546863564629964,14.411210887285222,14.411210887285222,0.607949867938774,0.0,19.729546090954514,1.0,accelerate_to_hold,
21.566831142709677,1.0057599442919258,33434.187726749245,0.08690866666254735,2151206.511612496,0.0325754816975737,0.001068547379047245,0.05955022045492444,0.09519424953154539,254.619392747576,318.2744642733625,6000.0,23.704083871879444,2.704083871879445,268.9769965343918,0.013546696204271767,14.357603786815787,14.357603786815787,0.6057016953035868,0.0,19.658026194696102,1.0,accelerate_to_hold,
21.616542585395948,1.0058548664318725,33440.4989631956,0.08688979579797729,2151409.539309819,0.03257506503088821,0.0010680833925552937,0.05955609297778128,0.09519924140122478,254.68081066997317,318.30450254781425,6000.0,23.703410451434785,2.703410451434786,268.9693847142229,0.01354648043729546,14.288574044249714,14.288574044249714,0.6028066751628484,0.0,19.565914850658718,1.0,accelerate_to_hold,
21.631006566362636,1.0058823995879018,33442.329714545114,0.08688432093996118,2151468.429609509,0.03257494418120143,0.0010679487985988136,0.05955778940672295,0.09520068238652318,254.6986087535837,318.3132154623966,6000.0,23.70321451585231,2.7032145158523098,268.96717682644777,0.013546417850060359,14.26856807286407,14.26856807286407,0.6019676387488074,0.0,19.53921621496018,1.0,accelerate_to_hold,
21.666254028082214,1.0059493351701165,33446.78064497179,0.08687100885628943,2151611.5972322966,0.03257465040128257,0.0010676215696004876,0.05956190052306642,0.09520417249394948,254.7418459112948,318.3343973425174,6000.0,23.702737041690806,2.702737041690806,268.96180925240225,0.013546265691526083,14.219963341107444,14.219963341107444,0.599929169196617,0.0,19.474345523129937,1.0,accelerate_to_hold,
21.713693300221554,1.0060390657349452,33452.74780905714,0.08685315836601654,2151803.52073894,0.03257425661110331,0.0010671828591332384,0.05956738264642907,0.09520882211666562,254.79973723729572,318.36279273409355,6000.0,23.702094421548257,2.7020944215482565,268.95461374539497,0.013546061707843799,14.15487650809925,14.15487650809925,0.5971993975026377,0.0,19.387463405756076,1.0,accelerate_to_hold,
21.71596547076848,1.0060433532476982,33453.032945874125,0.08685230528901121,2151812.691242702,0.03257423779604574,0.00106716189536626,0.05956764376065556,0.09520904345206757,254.80250138777424,318.3641495248787,6000.0,23.70206364259689,2.7020636425968907,268.9542699291255,0.01354605196086761,14.151768541351231,14.151768541351231,0.5970690465921266,0.0,19.38331430467413,1.0,accelerate_to_hold,
21.734601589515513,1.0060784837136927,33455.36930871882,0.08684531496094955,2151887.831327205,0.03257408363529101,0.0010669901207307718,0.05956978038193439,0.09521085413795617,254.82514299071067,318.3752666212669,6000.0,23.701811197508395,2.7018111975083943,268.9514528119624,0.013545972096629139,14.12630982125171,14.12630982125171,0.5960012803889312,0.0,19.349325870755298,1.0,accelerate_to_hold,
21.765676913454747,1.006136923385168,33459.25603844476,0.08683368455216568,2152012.8271599854,0.03257382720256545,0.0010667043551640329,0.05957332335318689,0.09521385491091637,254.86277998973452,318.3937599558212,6000.0,23.70139025410273,2.7013902541027286,268.9467665262312,0.01354583923926883,14.083986536496695,14.083986536496695,0.5942261776841865,0.0,19.292817320598168,1.0,accelerate_to_hold,
21.815388356141018,1.0062300482827116,33465.45009397848,0.08681514610623696,2152212.010759537,0.03257341860832755,0.0010662489344321214,0.059578939956141636,0.0952186074989013,254.9226845818085,318.42322948982326,6000.0,23.700716876158307,2.700716876158308,268.93929882719124,0.013545627520723153,14.016614245382726,14.016614245382726,0.5914004339456379,0.0,19.2028507287048,1.0,accelerate_to_hold,
21.839235902681565,1.0062745648686646,33468.4112469325,0.08680628190288664,2152307.226690655,0.03257322330365429,0.0010660312082568203,0.0595816121838009,0.095220866695712,254.95129006891423,318.4373168400164,6000.0,23.700393847382863,2.700393847382862,268.9357290357074,0.013545526309474112,13.984438966793192,13.984438966793192,0.590050910412927,0.0,19.15987913414891,1.0,accelerate_to_hold,
21.865099798827284,1.0063227306204783,33471.615282543185,0.08679668941610087,2152410.247773893,0.032573012000914454,0.001065795618733788,0.05958449421793609,0.09522330183758433,254.9822180032888,318.45255897502267,6000.0,23.700043508713915,2.700043508713915,268.931866617084,0.013545416799267847,13.949648613795176,13.949648613795176,0.5885916879716376,0.0,19.113410718848545,1.0,accelerate_to_hold,
21.91481124151355,1.0064149730588037,33477.75177299326,0.08677831395097375,2152607.543893209,0.03257260736800404,0.0010653443937557443,0.059589986780005946,0.09522793854176573,255.04138306840724,318.48174925328726,6000.0,23.699370151720128,2.6993701517201285,268.9244696825767,0.013545207068983562,13.883086614169486,13.883086614169486,0.5857998134672721,0.0,19.024493512596674,1.0,accelerate_to_hold,
21.944925024519222,1.0064706380779274,33481.4551980792,0.08676722189747443,2152726.6050591343,0.03257236320801618,0.0010650720653074474,0.05959328427815831,0.09523071955148193,255.07704561150302,318.49936454433254,6000.0,23.69896225620033,2.698962256200329,268.92000589662,0.01354508049990899,13.842960285116988,13.842960285116988,0.5841167277902758,0.0,18.970882678684127,1.0,accelerate_to_hold,
21.963693300221554,1.0065052501363052,33483.75806110255,0.08676032375453119,2152800.6363285095,0.03257221139948212,0.0010649027219277617,0.05959532815546475,0.09523244227687463,255.09920454134274,318.5103175897388,6000.0,23.69870803913386,2.6987080391338583,268.91723035063893,0.013545001798637988,13.818025809296188,13.818025809296188,0.5830708486926113,0.0,18.937565957223125,1.0,accelerate_to_hold,
21.96452268419982,1.0065067782382102,33483.859732968274,0.08676001918439995,2152803.904765264,0.03257220469736952,0.00106489524530761,0.05959541827687668,0.09523251821955381,255.1001825664708,318.51080116021495,6000.0,23.69869680512782,2.6986968051278217,268.9171078119255,0.013544998323994351,13.816925245454712,13.816925245454712,0.5830246852419778,0.0,18.93609536310611,1.0,accelerate_to_hold,
22.014234126886087,1.0065981487796052,33489.93932890471,0.08674180459420552,2152999.3359958814,0.032571803976878456,0.0010644481593205422,0.05960078933624487,0.09523704147244388,255.15861926212216,318.5397155251963,6000.0,23.69802346888816,2.69802346888816,268.90978079495954,0.013544790558467251,13.751161532837386,13.751161532837386,0.5802661791980472,0.0,18.84821255481113,1.0,accelerate_to_hold,
22.0516893613091,1.0066667066540647,33494.50138228709,0.08672813340513795,2153145.9735178826,0.03257150333374014,0.0010641126549964014,0.059604796630295234,0.09524041261903178,255.20241056942024,318.56141078248817,6000.0,23.6975161485039,2.697516148503902,268.9042831290637,0.013544634660405883,13.701872559643448,13.701872559643448,0.578198680139247,0.0,18.78233517640898,1.0,accelerate_to_hold,
22.063945569572354,1.0066890872844125,33495.990726043456,0.08672366966246327,2153193.8431492117,0.0325714051944921,0.001064003121846149,0.059606100579054834,0.0952415088953931,255.21669589555782,318.56849317145634,6000.0,23.697350142952597,2.697350142952597,268.9024884230702,0.013544583766611992,13.685792527512405,13.685792527512405,0.5775241723211171,0.0,18.760841403173437,1.0,accelerate_to_hold,
22.11365701225862,1.0067795963348674,33502.01408844804,0.08670561387543006,2153387.431748363,0.03257100833826397,0.0010635601190547247,0.05961135261958376,0.09524592107690245,255.27441518284772,318.59713491614787,6000.0,23.696676827272874,2.6966768272728747,268.89523048918767,0.013544377942680352,13.62081530633995,13.62081530633995,0.5747985426658451,0.0,18.67397825427801,1.0,accelerate_to_hold,
22.15954229080242,1.0068627602039035,33507.54910762383,0.08668901759773838,2153565.309837083,0.032570643726289907,0.0010631530070122407,0.05961614840676354,0.09524994514006568,255.32737714233815,318.62345226554584,6000.0,23.696055344060497,2.696055344060496,268.88856156646835,0.013544188814603862,13.561184424130204,13.561184424130204,0.5722971282445694,0.0,18.594248466391942,1.0,accelerate_to_hold,
22.163368454944887,1.0068696784942446,33508.00957901858,0.08668763672349562,2153580.1072758907,0.032570613396338724,0.0010631191372337703,0.05961654606552205,0.09525027859909455,255.33177981621188,318.6256415704237,6000.0,23.696003521801018,2.6960035218010163,268.88800678776255,0.01354417308096566,13.556226971550672,13.556226971550672,0.5720891693436214,0.0,18.587619484492887,1.0,accelerate_to_hold,
22.213079897631157,1.006959336306859,33513.97735949042,0.08666973770117105,2153771.8751737946,0.0325702203569521,0.0010626801627874936,0.059621681518039545,0.09525458203777915,255.38879246414822,318.65401393943654,6000.0,23.69533022648933,2.6953302264893297,268.8808171147659,0.01354396917580282,13.492024650617651,13.492024650617651,0.5693959325173167,0.0,18.501761500352465,1.0,accelerate_to_hold,
22.213693300221554,1.0069604399784653,33514.05082510946,0.08666951732629222,2153774.235802253,0.03257021551896933,0.0010626747586471193,0.05962174452602656,0.09525463480364302,255.38949377092257,318.65436319821464,6000.0,23.695321918584323,2.695321918584323,268.88072861117973,0.013543966665714077,13.491234840257164,13.491234840257164,0.5693628002443782,0.0,18.500705188889643,1.0,accelerate_to_hold,
22.262791340317424,1.0070485722982407,33519.91759044456,0.08665191630704713,2153962.740843898,0.03256982920842996,0.0010622431822355702,0.05962675957186125,0.09525883196252678,255.44545577167233,318.68225282239473,6000.0,23.694656941290404,2.6946569412904036,268.873661267675,0.013543766221567926,13.428205496002676,13.428205496002676,0.5667187133907235,0.0,18.416400738270955,1.0,accelerate_to_hold,
22.26852904080142,1.00705884488766,33520.6014464501,0.08664986433405476,2153984.7127482034,0.03256978418321218,0.0010621928736306164,0.059627342013382725,0.09525931907022553,255.45197348906026,318.6855036009853,6000.0,23.694579231283434,2.6945792312834325,268.87283750723964,0.013543742857524898,13.420864018179373,13.420864018179373,0.5664107341674208,0.0,18.406580235161687,1.0,accelerate_to_hold,
22.31250278300369,1.007137388975278,33525.83043131594,0.08663417204375837,2154152.7096481505,0.032569439939187664,0.0010618081822120471,0.05963178081534031,0.09526302893674002,255.50177236053514,318.7103590126074,6000.0,23.693983666157106,2.693983666157105,268.8665390454623,0.013543564212677956,13.364766684927133,13.364766684927133,0.5640573941990374,0.0,18.331533664288116,1.0,accelerate_to_hold,
22.36221422568996,1.0072257888264775,33531.71604040949,0.086616504417927,2154341.7869091863,0.03256905253772873,0.0010613751494637604,0.059636745830536915,0.0952671735177294,255.5577448295137,318.73833329756684,6000.0,23.693310401042577,2.693310401042578,268.8594502485739,0.013543363143590215,13.301705419060227,13.301705419060227,0.5614118581958438,0.0,18.247156773702866,1.0,accelerate_to_hold,
22.378663026661773,1.0072549477092037,33533.65753463892,0.08661067524540869,2154404.1544539942,0.032568924761465536,0.0010612322960732161,0.059638376400652386,0.09526853345819114,255.57618998514172,318.7475606761586,6000.0,23.693087629503363,2.6930876295033626,268.85711199353915,0.01354329681871095,13.280922008397425,13.280922008397425,0.5605399438045218,0.0,18.219345010706242,1.0,accelerate_to_hold,
22.411925668376227,1.007313774322198,33537.574574914455,0.08659891294011203,2154529.9779108223,0.032568666992643755,0.0010609440708488798,0.059641655193294535,0.09527126625678717,255.6133757546825,318.76617645902223,6000.0,23.69263714590024,2.6926371459002403,268.8523946789115,0.013543163008801793,13.239018924228986,13.239018924228986,0.5587819896410248,0.0,18.16326659073531,1.0,accelerate_to_hold,
22.461637111062494,1.007401347914649,33543.40619090311,0.08658139712479852,2154717.2878980567,0.03256828329261034,0.0010605149333364407,0.05964650947330236,0.09527530769924915,255.6686676895354,318.7938892729795,6000.0,23.69196390068378,2.6919639006837817,268.845372139832,0.013542963802849622,13.176704450296626,13.176704450296626,0.5561676737957687,0.0,18.079859668414688,1.0,accelerate_to_hold,
22.463693300221554,1.0074049613413893,33543.64682361322,0.08658067424947191,2154725.0166082494,0.03256826746139202,0.0010604972247545978,0.05964670908040259,0.09527547376654921,255.67094743820425,318.7950327480865,6000.0,23.69193605379688,2.6919360537968795,268.8450823786177,0.013542955583119411,13.174134940413438,13.174134940413438,0.5560598724603659,0.0,18.07642010787569,1.0,accelerate_to_hold,
22.489941430028846,1.0074510267959211,33546.71458429642,0.08657145772450109,2154823.5453936835,0.03256806564446235,0.0010602714566138195,0.05964924897204288,0.09527758607311905,255.69999890205278,318.8096102404055,6000.0,23.69158057791659,2.6915805779165884,268.8413883831379,0.01354285079340363,13.141389481085099,13.141389481085099,0.5546860597952025,0.0,18.03258467765188,1.0,accelerate_to_hold,
22.51134855374876,1.007488512038049,33549.211043340074,0.08656395649035968,2154903.7220774065,0.03256790142639224,0.0010600877240052138,0.05965130923416592,0.09527929838456337,255.723623165207,318.8214725097513,6000.0,23.691290665347164,2.691290665347163,268.83838243613513,0.013542765520310111,13.114759270928147,13.114759270928147,0.5535687969128198,0.0,17.99693258831473,1.0,accelerate_to_hold,
22.56105999643503,1.0075752691087736,33554.98928609107,0.08654659055902077,2155089.2856172253,0.03256752138283866,0.0010596624300426238,0.059656055033476506,0.09528323884635778,255.77824469068733,318.8489269340038,6000.0,23.690617439844615,2.6906174398446154,268.83142537405126,0.013542568155798834,13.053180683363934,13.053180683363934,0.5509852462270628,0.0,17.91448196029907,1.0,accelerate_to_hold,
22.602387968739755,1.007647087088113,33559.77292357384,0.08653220979224531,2155242.8961340114,0.03256720681040559,0.0010593103077437235,0.05965995980647722,0.09528647692462652,255.82340226222595,318.87165385709227,6000.0,23.6900577563413,2.6900577563412993,268.8256662798723,0.013542404770378307,13.002264017646326,13.002264017646326,0.5488489792375415,0.0,17.846296311916078,1.0,accelerate_to_hold,
22.610771439121297,1.0076616215255878,33560.741071937155,0.08652929885680896,2155273.9836482005,0.032567143150883125,0.001059239038743323,0.05966074742288427,0.09528712961251072,255.83253475308703,318.8762533048304,6000.0,23.689944224130635,2.689944224130636,268.82450076122325,0.013542371703970029,12.991966008136217,12.991966008136217,0.5484169099436954,0.0,17.83250442218884,1.0,accelerate_to_hold,
22.660482881807564,1.0077475716698798,33566.466552589154,0.08651208091350293,2155457.8212638507,0.03256676671954238,0.0010588175375077665,0.05966538694817056,0.0952909712052207,255.8864958179022,318.90345237582545,6000.0,23.689271018159985,2.689271018159985,268.81760840668704,0.013542176159516072,12.931112588784856,12.931112588784856,0.5458636772263689,0.0,17.75099663942858,1.0,accelerate_to_hold,
22.710194324493834,1.0078331219056633,33572.16587868673,0.08649493626262213,2155640.8035205333,0.03256639207791625,0.0010583979138417577,0.059669974149306866,0.09529476414106487,255.94013032913261,318.9305248950851,6000.0,23.688597821887686,2.688597821887686,268.8107481208722,0.013541981517167493,12.870617791739562,12.870617791739562,0.5433254381923537,0.0,17.669955304975655,1.0,accelerate_to_hold,
22.713693300221554,1.0078391284172605,33572.56604851686,0.08649373227287951,2155653.650767964,0.03256636577563205,0.0010583684487327479,0.059670295065640866,0.09529502929000566,255.94389319472515,318.9324256660112,6000.0,23.688550438846963,2.688550438846962,268.81026645783606,0.013541967850971504,12.866373263110916,12.866373263110916,0.5431473443816677,0.0,17.664268637883232,1.0,accelerate_to_hold,
22.71603401101913,1.0078431454959478,33572.833678348885,0.08649292704085504,2155662.2428439143,0.03256634818510333,0.0010583487426065535,0.059670509605994376,0.09529520653370427,255.94640954399674,318.93369687747116,6000.0,23.68851874102729,2.68851874102729,268.80994432771354,0.013541958711171963,12.863534783716801,12.863534783716801,0.5430282460607309,0.0,17.66046570694763,1.0,accelerate_to_hold,
22.7599057671801,1.0079182745797157,33577.83919980641,0.08647786444139333,2155822.9354377384,0.03256601921518698,0.001057980155355442,0.05967450956052073,0.09529850893106315,255.9934407094843,318.95747160525116,6000.0,23.687924635269024,2.6879246352690243,268.80391971559015,0.013541787771692688,12.81047900610585,12.81047900610585,0.5408020839036396,0.0,17.58937713905929,1.0,accelerate_to_hold,
22.809617209866367,1.008003032021733,33583.48666447088,0.08646086499071402,2156004.221998424,0.03256564812061843,0.0010575642497622267,0.05967899371036159,0.09530220608074225,256.04642936058104,318.98429324355993,6000.0,23.687251458259546,2.687251458259545,268.7971230040224,0.013541594917897574,12.750693643441366,12.750693643441366,0.538293506357628,0.0,17.509258888925952,1.0,accelerate_to_hold,
22.8309382830653,1.0080392636736144,33585.900956942605,0.08645359604557938,2156081.717394712,0.03256548949854796,0.0010573864339755855,0.05968090136957499,0.09530377730209855,256.0690580232637,318.99575881211604,6000.0,23.68696273780224,2.68696273780224,268.7942175826033,0.01354151247549512,12.725159559339602,12.725159559339602,0.5372220871117175,0.0,17.475036564864766,1.0,accelerate_to_hold,
22.859328652552634,1.008087396544534,33589.1084201614,0.08644393745510782,2156184.668149445,0.03256527878355514,0.0010571501848775059,0.05968342712176866,0.09530585609020131,256.0990986632057,319.0109905419069,6000.0,23.68657829081505,2.6865782908150506,268.79035780070353,0.013541402950625142,12.69125913749781,12.69125913749781,0.5357995984763702,0.0,17.429597328537557,1.0,accelerate_to_hold,
22.9090400952389,1.0081713704442976,33594.70461333262,0.086427081382674,2156364.278802068,0.032564911193421135,0.0010567379486172471,0.05968781031213957,0.09530945945417796,256.1514509775609,319.03756422692175,6000.0,23.685905132891598,2.6859051328915977,268.78362392150274,0.01354121186475494,12.632172943941839,12.632172943941839,0.5333202540949167,0.0,17.350389258240604,1.0,accelerate_to_hold,
22.947057884029046,1.0082353289285888,33598.96725082872,0.08641423832063017,2156501.07874987,0.032564631244078726,0.001056423909488767,0.05969112887024781,0.0953121840238153,256.1912759696904,319.057803999284,6000.0,23.68539032872723,2.6853903287272303,268.77849508137143,0.01354106631975954,12.587219111681009,12.587219111681009,0.5314338897094039,0.0,17.29011740211796,1.0,accelerate_to_hold,
22.95875153792517,1.0082549560005631,33600.275389411545,0.08641029632507807,2156543.058831971,0.03256454533971989,0.0010563275289975835,0.059692143793386006,0.09531301666210348,256.2034886433799,319.06401501996874,6000.0,23.685231984445494,2.6852319844454957,268.77692118362336,0.01354102165520309,12.57343254024346,12.57343254024346,0.5308553679567357,0.0,17.27163150466051,1.0,accelerate_to_hold,
22.963693300221554,1.0082632440183437,33600.82779100951,0.08640863160374,2156560.785962504,0.03256450906507704,0.0010562868284303278,0.05969257188323716,0.09531336777674453,256.2086445478039,319.0666377774507,6000.0,23.68516506798183,2.6851650679818317,268.7762565662755,0.013541002794364914,12.567612018471607,12.567612018471607,0.530611122295314,0.0,17.263826766335654,1.0,accelerate_to_hold,
23.008462980611437,1.0083381554763553,33605.82089280474,0.08639358183752122,2156721.0130795054,0.032564181212033694,0.0010559189141338915,0.059696428071995086,0.09531652819816266,256.25521398011415,319.09034363718587,6000.0,23.68455884543331,2.6845588454333074,268.7702494055931,0.013540832316922009,12.51503542547897,12.51503542547897,0.5284048357055227,0.0,17.19332092048008,1.0,accelerate_to_hold,
23.058174423297704,1.0084209711183414,33611.341266907875,0.08637693747870379,2156898.1463500387,0.03256381880002283,0.0010555120922397252,0.059700663649092094,0.09531999454135465,256.30662928714133,319.11655078953487,6000.0,23.683885715811847,2.6838857158118463,268.76360840725147,0.013540643844900078,12.456979120110134,12.456979120110134,0.5259685538760052,0.0,17.115454384185266,1.0,accelerate_to_hold,
23.064446955049913,1.0084313935403937,33612.03604300786,0.08637484227351598,2156920.4387293607,0.03256377319267982,0.0010554608867292226,0.05970119465404549,0.09532042873345453,256.3130948979068,319.1198489829198,6000.0,23.683800781767783,2.6838007817677827,268.7627726317155,0.013540620125017304,12.449677733808699,12.449677733808699,0.5256621539982166,0.0,17.105660669030424,1.0,accelerate_to_hold,
23.107885865983974,1.0085034051570114,33616.836654116625,0.08636036281078567,2157074.463414336,0.032563458093424744,0.0010551070516256775,0.059704851020503304,0.09532341616555373,256.357736843984,319.14263718285815,6000.0,23.683212595538173,2.6832125955381736,268.75699800973507,0.013540456234161256,12.399261165751057,12.399261165751057,0.5235464198842277,0.0,17.038028799793647,1.0,accelerate_to_hold,
23.15759730867024,1.008585459806916,33622.30719584157,0.0863438573993365,2157249.96900907,0.03256309908205292,0.0010547037806979956,0.059708990676821165,0.09532679353957207,256.40853891056463,319.168603517954,6000.0,23.682539484569595,2.6825394845695962,268.7504180354588,0.013540269479764526,12.341879124894149,12.341879124894149,0.5211383320161052,0.0,16.961041096526962,1.0,accelerate_to_hold,
23.183154443036692,1.0086274979536511,33625.11003009941,0.08633539862191335,2157339.8838396478,0.03256291516732493,0.0010544971402305864,0.05971110050162192,0.09532851280917744,256.4345385771466,319.18190656179377,6000.0,23.68219343530628,2.682193435306283,268.7470469903753,0.01354017379921428,12.31250841322867,12.31250841322867,0.5199057446626854,0.0,16.921630405272445,1.0,accelerate_to_hold,
23.207308751356507,1.0086671372666678,33627.75303250731,0.08632742081332649,2157424.667836825,0.032562741755796785,0.0010543022679581921,0.059713083103456785,0.09533012712721176,256.4590377273122,319.1944504905773,6000.0,23.681866382863667,2.6818663828636655,268.7438683081155,0.01354008357680394,12.284830580803316,12.284830580803316,0.5187441894230385,0.0,16.884488228708754,1.0,accelerate_to_hold,
23.213693300221554,1.008677600060606,33628.450670136976,0.08632531479209223,2157447.0465670344,0.03256269598520003,0.0010542508276195652,0.0597136053050445,0.09533055211786409,256.46550154020116,319.19776145971497,6000.0,23.68177993561446,2.6817799356144625,268.7430292951522,0.013540059762329014,12.277527754951052,12.277527754951052,0.5184377098482861,0.0,16.87468773127155,1.0,accelerate_to_hold,
23.257020194042774,1.0087484397190516,33633.174303558786,0.08631105262509897,2157598.564566328,0.03256238610462114,0.0010539025020022102,0.05971712878069733,0.09533341738732068,256.50923551533424,319.220178791474,6000.0,23.681193290378175,2.6811932903781766,268.73734865266755,0.013539898520408369,12.22811313733331,12.22811313733331,0.5163638921144094,0.0,16.808367175561802,1.0,accelerate_to_hold,
23.303144435309186,1.0088235418468405,33638.18252341525,0.08629592637515873,2157759.1995043694,0.03256205760683845,0.0010535331357329068,0.05972084112389309,0.09533643186646445,256.5555437004218,319.2439449889881,6000.0,23.68056877677734,2.6805687767773394,268.73132620214807,0.013539727570684657,12.175782501726246,12.175782501726246,0.5141676543540875,0.0,16.73812263736682,1.0,accelerate_to_hold,
23.306731636729044,1.008829369331185,33638.57114747103,0.08629475241033438,2157771.6638328,0.032562032118565364,0.001053504471519384,0.059721128183765376,0.09533666477385012,256.5591344766202,319.24578910643214,6000.0,23.680520207071165,2.6805202070711664,268.73085889533337,0.013539714305741144,12.171724418713154,12.171724418713154,0.5139973409485571,0.0,16.73267494095639,1.0,accelerate_to_hold,
23.35644307941531,1.0089099282546754,33643.94370175872,0.08627851974801468,2157943.970238284,0.03256167978774267,0.0010531081652914085,0.05972508178287751,0.0953398697359116,256.60873679424157,319.27128211633163,6000.0,23.67984713290091,2.6798471329009117,268.7243988635751,0.013539530927999728,12.115662069333553,12.115662069333553,0.5116444376239231,0.0,16.657408553163354,1.0,accelerate_to_hold,
23.406154522101577,1.0089901186258583,33649.29210299108,0.0862623542203744,2158115.4883521604,0.03256132910233902,0.0010527135721909912,0.059728990043305896,0.09534303271783591,256.6580446325997,319.2966584972195,6000.0,23.679174067825926,2.679174067825926,268.71796838607986,0.013539348382415195,12.059923753480177,12.059923753480177,0.5093050846679065,0.0,16.58256506453335,1.0,accelerate_to_hold,
23.42451933265475,1.0090196504111093,33651.261870964765,0.08625639911700654,2158178.653493198,0.032561199963513913,0.0010525682294906758,0.059730422488645234,0.09534419068164982,256.67618628027174,319.3060038814567,6000.0,23.678925420875355,2.6789254208753563,268.7156002279376,0.013539281154471266,12.039413947665878,12.039413947665878,0.5084442699013665,0.0,16.555022155234475,1.0,accelerate_to_hold,
23.455865964787847,1.0090699425657994,33654.61648679113,0.08624625541289199,2158286.2227111477,0.032560980052612945,0.0010523206811814837,0.059732853425427945,0.09534615415922237,256.7070601375275,319.3219189203106,6000.0,23.678501011804958,2.678501011804958,268.7115672927591,0.013539166664252214,12.004507155231636,12.004507155231636,0.5069791854326745,0.0,16.50814155139804,1.0,accelerate_to_hold,
23.463693300221554,1.009082478024338,33655.45266008744,0.0862437266214077,2158313.0346359885,0.032560925241260856,0.0010522589727501538,0.05973345767626803,0.09534664189027904,256.7147513949277,319.3258857877261,6000.0,23.67839503631768,2.678395036317683,268.71056207252093,0.013539138126834157,11.995810677593227,11.995810677593227,0.506614179685497,0.0,16.496461246265913,1.0,accelerate_to_hold,
23.505577407474114,1.0091494021803924,33659.916987841265,0.08623022291426492,2158456.177819514,0.03256063262889513,0.0010519294813161229,0.05973667238477997,0.09534923449499122,256.75578543644923,319.34706405201877,6000.0,23.677827964796993,2.6778279647969927,268.70519541474084,0.013538985768808864,11.949409978291612,11.949409978291612,0.5046666440881907,0.0,16.434135113881783,1.0,accelerate_to_hold,
23.547235904132677,1.0092157107749944,33664.340545171064,0.08621683835021378,2158598.0043868707,0.03256034273091277,0.0010516029478958792,0.059739838813566565,0.09535178449237522,256.79639557928647,319.368047520831,6000.0,23.677263954149982,2.677263954149982,268.699878118923,0.013538834807506533,11.903482539636514,11.903482539636514,0.5027389381934967,0.0,16.3724363675213,1.0,accelerate_to_hold,
23.55528885016038,1.0092284995605196,33665.19373989306,0.08621425631637429,2158625.3581494195,0.03256028682158758,0.0010515399617370168,0.0597404473721134,0.09535227415543798,256.8042226385774,319.3720945540071,6000.0,23.677154926761247,2.677154926761249,268.6988525843569,0.013538805691416269,11.894629945779513,11.894629945779513,0.50236736561349,0.0,16.360542875656723,1.0,accelerate_to_hold,
23.605000292846647,1.0093072367821903,33670.44687577564,0.08619835521425309,2158793.7681412133,0.032559942621163,0.0010511521116742225,0.059744178833449256,0.09535527356628648,256.85237383509616,319.3970110832324,6000.0,23.676481897657176,2.6764818976571756,268.6925386351318,0.01353862642743831,11.840164800035666,11.840164800035666,0.5000812557885667,0.0,16.28736198371693,1.0,accelerate_to_hold,
23.654711735532914,1.0093856159067778,33675.67652741057,0.08618251920603795,2158961.412203938,0.0325596000181636,0.0010507659204444214,0.05974786721013661,0.09535823314874464,256.90024109940197,319.42181429201986,6000.0,23.67580887744445,2.6758088774444504,268.6862534017638,0.013538447972271089,11.786012302361826,11.786012302361826,0.49780822118352896,0.0,16.21458960806452,1.0,accelerate_to_hold,
23.6713721214584,1.009411804272711,33677.423971334036,0.08617722639060012,2159017.426150053,0.0325594855533098,0.0010506368608773735,0.05974909377641877,0.09535921619060594,256.916220258011,319.43010164546325,6000.0,23.675583322173235,2.6755833221732357,268.68415335290155,0.013538388344631343,11.767933094890566,11.767933094890566,0.49704934128779726,0.0,16.190291446148446,1.0,accelerate_to_hold,
23.704423178219184,1.0094636389810223,33680.882825811204,0.08616674789296097,2159128.29471534,0.032559259003201106,0.0010503813774505781,0.059751512938899375,0.09536115331955106,256.9478264872013,319.44650482806384,6000.0,23.67513586608298,2.67513586608298,268.6799967201244,0.013538270321342938,11.732170232923067,11.732170232923067,0.495548169154568,0.0,16.142222941613387,1.0,accelerate_to_hold,
23.713693300221554,1.0094781493929423,33681.851116252416,0.08616381400505863,2159159.3308415907,0.03255919558612261,0.0010503098498874021,0.059752188106353056,0.09536169354236307,256.956669127005,319.4510966728738,6000.0,23.67501036481856,2.675010364818562,268.6788331280881,0.013538237281843848,11.722164001083115,11.722164001083115,0.49512814653303955,0.0,16.128772761706276,1.0,accelerate_to_hold,
23.75413462090545,1.0095413080371174,33686.065901087575,0.08615104087932736,2159294.4200220504,0.032558919566956245,0.0010499984721812515,0.05975511645188653,0.09536403449102403,256.9951320366579,319.4710833344555,6000.0,23.6744628635329,2.6744628635328973,268.6737684272518,0.013538093470114242,11.678636390593908,11.678636390593908,0.49330100783757025,0.0,16.07025920001706,1.0,accelerate_to_hold,
23.796913743635074,1.0096078641833721,33690.50769780415,0.0861375754023609,2159436.776074331,0.032558628722273976,0.0010496702666215687,0.05975818398154016,0.0953664829704357,257.0356182902378,319.4921451414141,6000.0,23.673883719014547,2.6738837190145466,268.66843128023095,0.013537941917754995,11.63281298999317,11.63281298999317,0.49137746590559833,0.0,16.008651339278106,1.0,accelerate_to_hold,
23.80384606359172,1.0096186250928694,33691.22588245621,0.08613539777248053,2159459.7924399283,0.032558581700178016,0.0010496171942096027,0.059758678176725345,0.09536687707111297,257.0421597685841,319.49555044973323,6000.0,23.67378986975456,2.673789869754561,268.6675683613377,0.013537917414077087,11.625408592753615,11.625408592753615,0.49106664613958334,0.0,15.998695621427352,1.0,accelerate_to_hold,
23.853557506277987,1.0096955921518211,33696.362898247484,0.08611981818277381,2159624.416254325,0.032558245393683044,0.0010492375331925695,0.059762198536572206,0.09536968146344782,257.08891168660836,319.5199068079215,6000.0,23.673116884708552,2.6731168847085525,268.6613963617178,0.013537742148754972,11.572484675109422,11.572484675109422,0.4888449937314579,0.0,15.92752946629016,1.0,accelerate_to_hold,
23.903268948964254,1.009772211203484,33701.47707592035,0.08610430172352336,2159788.295720579,0.032557910638354524,0.001048859478869579,0.059765677950167795,0.0953724480673919,257.135389777409,319.5441530386045,6000.0,23.672443908355675,2.672443908355674,268.6552522688528,0.013537567669702339,11.519862491443803,11.519862491443803,0.48663596103728146,0.0,15.856758017037976,1.0,accelerate_to_hold,
23.923936388149205,1.009803963481732,33703.596594540955,0.08609786927273758,2159856.210244431,0.032557771918810756,0.0010487027739237082,0.059767112557829856,0.09537358725056433,257.15463283738194,319.5542011016699,6000.0,23.672164122246603,2.6721641222466017,268.65270604905504,0.013537495360712746,11.498073211673102,11.498073211673102,0.4857212527040337,0.0,15.827450440868168,1.0,accelerate_to_hold,
23.95298039165052,1.009848484223343,33706.56854206188,0.08608884801099997,2159951.4350640303,0.032557577425142134,0.0010484830210622162,0.059769116831881415,0.09537517727808577,257.18159601080805,319.56828976692816,6000.0,23.67177094065695,2.6717709406569496,268.6491359243284,0.013537393972504528,11.46753991352034,11.46753991352034,0.48443945923050946,0.0,15.786378577996505,1.0,accelerate_to_hold,
23.963693300221554,1.009864876071004,33707.66280012048,0.08608552588828675,2159986.4953680583,0.032557505818176666,0.0010484021018228032,0.05976985264852356,0.09537576056852304,257.19151812390413,319.5734769953144,6000.0,23.671625915993022,2.671625915993021,268.6478214596871,0.013537356642410672,11.45630333578299,11.45630333578299,0.4839677416515307,0.0,15.771262760794945,1.0,accelerate_to_hold,
24.002691834336787,1.0099244131729337,33711.63742239148,0.08607345666440915,2160113.83848018,0.03255724574506161,0.0010481081496736043,0.059772515591758,0.09537786948649321,257.2275323399068,319.59231761362355,6000.0,23.67109798157362,2.6710979815736198,268.6430471708487,0.013537221052777649,11.415514830941902,11.415514830941902,0.4822554002280808,0.0,15.716388475226296,1.0,accelerate_to_hold,
24.052403277023057,1.01,33716.68384177074,0.08605812730585682,2160275.510135032,0.03255691558919402,0.0010477348546874385,0.059775874635568514,0.09538052507944997,257.273200701272,319.6162371950577,6000.0,23.670425031067143,2.6704250310671447,268.63698585222386,0.013537048906168195,11.363785150951855,11.363785150951855,0.4800836966821266,0.0,15.646785056286777,1.0,accelerate_to_hold,
24.052403277023057,1.01,33716.68384177074,0.08605812730585682,2160275.510135032,0.03255691558919402,0.0010477348546874385,0.059775874635568514,0.09538052507944997,257.273200701272,319.6162371950577,6000.0,23.670425031067143,2.6704250310671447,257.273200701272,0.013074092690195039,0.0,0.0,0.0,0.0,0.0,0.9576983596845334,level_hold,0.9576983596845334
24.070699372631477,1.01,33716.68384177074,0.08605725763327837,2160275.510135032,0.03255691558919402,0.0010477136787288843,0.059775874635568514,0.09538050390349143,257.2731435826241,319.6162371950577,6000.0,23.6701858262388,2.670185826238802,257.2731435826241,0.013074090338851907,0.0,0.0,0.0,0.0,0.0,0.9576981470606174,level_hold,0.9576981470606174
24.17069937263148,1.01,33716.68384177074,0.08605250431272612,2160275.510135032,0.03255691558919402,0.0010475979422631403,0.059775874635568514,0.09538038816702568,257.2728314026381,319.6162371950577,6000.0,23.66887841784748,2.6688784178474823,257.2728314026381,0.013074077487663371,0.0,0.0,0.0,0.0,0.0,0.9576969849719905,level_hold,0.9576969849719905
24.270699372631476,1.01,33716.68384177074,0.08604775099684601,2160275.510135032,0.03255691558919402,0.001047482212303957,0.059775874635568514,0.09538027243706648,257.2725192402025,319.6162371950577,6000.0,23.667571010741245,2.6675710107412454,257.2725192402025,0.013074064637190004,0.0,0.0,0.0,0.0,0.0,0.957695822948695,level_hold,0.957695822948695
24.370699372631478,1.01,33716.68384177074,0.08604299768563779,2160275.510135032,0.03255691558919402,0.0010473664888513094,0.059775874635568514,0.09538015671361384,257.2722070953172,319.6162371950577,6000.0,23.66626360492002,2.66626360492002,257.2722070953172,0.013074051787431802,0.0,0.0,0.0,0.0,0.0,0.9576946609907304,level_hold,0.9576946609907304
24.470699372631476,1.01,33716.68384177074,0.08603824437910121,2160275.510135032,0.03255691558919402,0.0010472507719051722,0.059775874635568514,0.0953800409966677,257.2718949679822,319.6162371950577,6000.0,23.664956200383735,2.664956200383735,257.27189496798223,0.013074038938388764,5.684341886080802e-14,5.684341886080802e-14,2.4020082006273177e-15,0.0,7.828573700460141e-14,0.9576934990980968,level_hold,0.9576934990980968
24.570699372631477,1.01,33716.68384177074,0.086033491077236,2160275.510135032,0.03255691558919402,0.0010471350614655206,0.059775874635568514,0.09537992528622805,257.2715828581973,319.6162371950577,6000.0,23.663648797132318,2.6636487971323186,257.2715828581973,0.013074026090060883,0.0,0.0,0.0,0.0,0.0,0.9576923372707933,level_hold,0.9576923372707933
24.670699372631475,1.01,33716.68384177074,0.0860287377800419,2160275.510135032,0.03255691558919402,0.0010470193575323292,0.059775874635568514,0.09537980958229486,257.2712707659625,319.6162371950577,6000.0,23.662341395165697,2.662341395165699,257.2712707659625,0.013074013242448166,0.0,0.0,0.0,0.0,0.0,0.95769117550882,level_hold,0.95769117550882
24.770699372631476,1.01,33716.68384177074,0.08602398448751866,2160275.510135032,0.03255691558919402,0.001046903660105573,0.059775874635568514,0.09537969388486811,257.27095869127777,319.6162371950577,6000.0,23.661033994483805,2.661033994483805,257.27095869127777,0.013074000395550603,0.0,0.0,0.0,0.0,0.0,0.9576900138121767,level_hold,0.9576900138121767
24.870699372631478,1.01,33716.68384177074,0.08601923119966601,2160275.510135032,0.03255691558919402,0.0010467879691852264,0.059775874635568514,0.09537957819394777,257.270646634143,319.6162371950577,6000.0,23.659726595086564,2.659726595086565,257.270646634143,0.013073987549368204,0.0,0.0,0.0,0.0,0.0,0.9576888521808631,level_hold,0.9576888521808631
24.970699372631476,1.01,33716.68384177074,0.08601447791648367,2160275.510135032,0.03255691558919402,0.0010466722847712643,0.059775874635568514,0.0953794625095338,257.2703345945581,319.6162371950577,6000.0,23.658419196973906,2.6584191969739073,257.27033459455816,0.013073974703900954,5.684341886080802e-14,5.684341886080802e-14,2.4026718939902258e-15,0.0,7.830736795658851e-14,0.9576876906148787,level_hold,0.9576876906148787
25.070699372631477,1.01,33716.68384177074,0.08600972463797144,2160275.510135032,0.03255691558919402,0.0010465566068636623,0.059775874635568514,0.09537934683162619,257.27002257252303,319.6162371950577,6000.0,23.65711180014576,2.6571118001457608,257.27002257252303,0.013073961859148858,0.0,0.0,0.0,0.0,0.0,0.9576865291142235,level_hold,0.9576865291142235
25.170699372631475,1.01,33716.68384177074,0.08600497136412902,2160275.510135032,0.03255691558919402,0.0010464409354623947,0.059775874635568514,0.09537923116022493,257.2697105680378,319.6162371950577,6000.0,23.655804404602055,2.6558044046020535,257.26971056803785,0.013073949015111918,5.684341886080802e-14,5.684341886080802e-14,2.402937473128141e-15,0.0,7.831602365499091e-14,0.9576853676788976,level_hold,0.9576853676788976
25.270699372631476,1.01,33716.68384177074,0.08600021809495613,2160275.510135032,0.03255691558919402,0.0010463252705674357,0.059775874635568514,0.09537911549532997,257.2693985811022,319.6162371950577,6000.0,23.654497010342716,2.6544970103427143,257.2693985811022,0.013073936171790125,0.0,0.0,0.0,0.0,0.0,0.9576842063089,level_hold,0.9576842063089
25.370699372631478,1.01,33716.68384177074,0.08599546483045253,2160275.510135032,0.03255691558919402,0.0010462096121787608,0.059775874635568514,0.09537899983694129,257.2690866117162,319.6162371950577,6000.0,23.653189617367673,2.6531896173676714,257.2690866117162,0.013073923329183479,0.0,0.0,0.0,0.0,0.0,0.9576830450042307,level_hold,0.9576830450042307
25.470699372631476,1.01,33716.68384177074,0.08599071157061798,2160275.510135032,0.03255691558919402,0.001046093960296345,0.059775874635568514,0.09537888418505888,257.26877465987985,319.6162371950577,6000.0,23.651882225676854,2.6518822256768537,257.2687746598799,0.013073910487291984,5.684341886080802e-14,5.684341886080802e-14,2.4033359509586053e-15,0.0,7.832901075912724e-14,0.95768188376489,level_hold,0.95768188376489
25.570699372631477,1.01,33716.68384177074,0.0859859583154522,2160275.510135032,0.03255691558919402,0.0010459783149201626,0.059775874635568514,0.09537876853968269,257.2684627255929,319.6162371950577,6000.0,23.650574835270188,2.6505748352701892,257.2684627255929,0.013073897646115632,0.0,0.0,0.0,0.0,0.0,0.9576807225908768,level_hold,0.9576807225908768
25.67069937263148,1.01,33716.68384177074,0.08598120506495494,2160275.510135032,0.03255691558919402,0.0010458626760501894,0.059775874635568514,0.09537865290081272,257.2681508088554,319.6162371950577,6000.0,23.649267446147608,2.649267446147607,257.2681508088554,0.01307388480565443,0.0,0.0,0.0,0.0,0.0,0.9576795614821915,level_hold,0.9576795614821915
25.770699372631476,1.01,33716.68384177074,0.08597645181912592,2160275.510135032,0.03255691558919402,0.001045747043686399,0.059775874635568514,0.09537853726844894,257.26783890966726,319.6162371950577,6000.0,23.647960058309035,2.647960058309035,257.26783890966726,0.013073871965908368,0.0,0.0,0.0,0.0,0.0,0.9576784004388333,level_hold,0.9576784004388333
25.870699372631478,1.01,33716.68384177074,0.0859716985779649,2160275.510135032,0.03255691558919402,0.001045631417828767,0.059775874635568514,0.0953784216425913,257.2675270280284,319.6162371950577,6000.0,23.646652671754403,2.6466526717544014,257.26752702802844,0.013073859126877444,5.684341886080802e-14,5.684341886080802e-14,2.4038674585306817e-15,0.0,7.834633354012053e-14,0.9576772394608024,level_hold,0.9576772394608024
25.97069937263148,1.01,33716.68384177074,0.0859669453414716,2160275.510135032,0.03255691558919402,0.001045515798477268,0.059775874635568514,0.0953783060232398,257.2672151639387,319.6162371950577,6000.0,23.645345286483636,2.6453452864836353,257.2672151639388,0.013073846288561657,5.684341886080802e-14,5.684341886080802e-14,2.4040003718322252e-15,0.0,7.835066542198768e-14,0.9576760785480983,level_hold,0.9576760785480983
26.070699372631477,1.01,33716.68384177074,0.08596219210964577,2160275.510135032,0.03255691558919402,0.0010454001856318766,0.059775874635568514,0.09537819041039441,257.26690331739826,319.6162371950577,6000.0,23.644037902496663,2.644037902496665,257.2669033173983,0.013073833450961019,5.684341886080802e-14,5.684341886080802e-14,2.4041332997019814e-15,0.0,7.835499777865889e-14,0.9576749177007211,level_hold,0.9576749177007211
26.17069937263148,1.01,33716.68384177074,0.08595743888248718,2160275.510135032,0.03255691558919402,0.0010452845792925684,0.059775874635568514,0.09537807480405511,257.2665914884069,319.6162371950577,6000.0,23.642730519793417,2.642730519793419,257.26659148840696,0.01307382061407551,5.684341886080802e-14,5.684341886080802e-14,2.404266242142352e-15,0.0,7.835933061021246e-14,0.9576737569186703,level_hold,0.9576737569186703
26.270699372631476,1.01,33716.68384177074,0.08595268565999553,2160275.510135032,0.03255691558919402,0.0010451689794593177,0.059775874635568514,0.09537795920422185,257.2662796769645,319.6162371950577,6000.0,23.641423138373828,2.6414231383738263,257.2662796769645,0.013073807777905134,0.0,0.0,0.0,0.0,0.0,0.9576725962019453,level_hold,0.9576725962019453
26.370699372631478,1.01,33716.68384177074,0.08594793244217057,2160275.510135032,0.03255691558919402,0.0010450533861320994,0.059775874635568514,0.09537784361089463,257.265967883071,319.6162371950577,6000.0,23.640115758237815,2.6401157582378145,257.2659678830711,0.013073794942449896,5.684341886080802e-14,5.684341886080802e-14,2.40453217074455e-15,0.0,7.836799769827994e-14,0.9576714355505463,level_hold,0.9576714355505463
26.47069937263148,1.01,33716.68384177074,0.08594317922901204,2160275.510135032,0.03255691558919402,0.0010449377993108882,0.059775874635568514,0.09537772802407343,257.2656561067265,319.6162371950577,6000.0,23.638808379385313,2.6388083793853125,257.2656561067265,0.013073782107709788,0.0,0.0,0.0,0.0,0.0,0.9576702749644732,level_hold,0.9576702749644732
26.570699372631477,1.01,33716.68384177074,0.08593842602051967,2160275.510135032,0.03255691558919402,0.0010448222189956588,0.059775874635568514,0.0953776124437582,257.26534434793075,319.6162371950577,6000.0,23.637501001816247,2.637501001816249,257.2653443479308,0.013073769273684808,5.684341886080802e-14,5.684341886080802e-14,2.4047981576580497e-15,0.0,7.837666668681691e-14,0.9576691144437252,level_hold,0.9576691144437252
26.67069937263148,1.01,33716.68384177074,0.08593367281669324,2160275.510135032,0.03255691558919402,0.0010447066451863872,0.059775874635568514,0.09537749686994892,257.2650326066837,319.6162371950577,6000.0,23.636193625530552,2.636193625530552,257.2650326066837,0.013073756440374958,0.0,0.0,0.0,0.0,0.0,0.9576679539883022,level_hold,0.9576679539883022
26.770699372631476,1.01,33716.68384177074,0.08592891961753245,2160275.510135032,0.03255691558919402,0.001044591077883047,0.059775874635568514,0.09537738130264559,257.2647208829854,319.6162371950577,6000.0,23.63488625052815,2.63488625052815,257.26472088298544,0.013073743607780236,5.684341886080802e-14,5.684341886080802e-14,2.4050642029020884e-15,0.0,7.83853375764503e-14,0.9576667935982043,level_hold,0.9576667935982043
26.870699372631478,1.01,33716.68384177074,0.08592416642303706,2160275.510135032,0.03255691558919402,0.0010444755170856137,0.059775874635568514,0.09537726574184816,257.26440917683567,319.6162371950577,6000.0,23.633578876808972,2.633578876808972,257.26440917683567,0.013073730775900638,0.0,0.0,0.0,0.0,0.0,0.9576656332734309,level_hold,0.9576656332734309
26.97069937263148,1.01,33716.68384177074,0.08591941323320679,2160275.510135032,0.03255691558919402,0.0010443599627940614,0.059775874635568514,0.0953771501875566,257.2640974882345,319.6162371950577,6000.0,23.632271504372945,2.6322715043729463,257.26409748823454,0.013073717944736166,5.684341886080802e-14,5.684341886080802e-14,2.4053303064959133e-15,0.0,7.839401036780744e-14,0.9576644730139819,level_hold,0.9576644730139819
27.070699372631477,1.01,33716.68384177074,0.0859146600480414,2160275.510135032,0.03255691558919402,0.001044244415008366,0.059775874635568514,0.0953770346397709,257.26378581718177,319.6162371950577,6000.0,23.63096413322,2.6309641332200013,257.2637858171818,0.013073705114286818,5.684341886080802e-14,5.684341886080802e-14,2.405463380180012e-15,0.0,7.839834747682849e-14,0.9576633128198571,level_hold,0.9576633128198571
27.17069937263148,1.01,33716.68384177074,0.08590990686754062,2160275.510135032,0.03255691558919402,0.0010441288737285017,0.059775874635568514,0.09537691909849104,257.2634741636775,319.6162371950577,6000.0,23.629656763350066,2.629656763350065,257.2634741636775,0.013073692284552586,0.0,0.0,0.0,0.0,0.0,0.957662152691056,level_hold,0.957662152691056
27.27069937263148,1.01,33716.68384177074,0.0859051536917042,2160275.510135032,0.03255691558919402,0.0010440133389544438,0.059775874635568514,0.09537680356371697,257.2631625277215,319.6162371950577,6000.0,23.628349394763067,2.6283493947630667,257.2631625277215,0.013073679455533475,0.0,0.0,0.0,0.0,0.0,0.9576609926275785,level_hold,0.9576609926275785
27.370699372631478,1.01,33716.68384177074,0.08590040052053186,2160275.510135032,0.03255691558919402,0.0010438978106861662,0.059775874635568514,0.0953766880354487,257.2628509093138,319.6162371950577,6000.0,23.627042027458934,2.6270420274589346,257.26285090931384,0.013073666627229483,5.684341886080802e-14,5.684341886080802e-14,2.405862688809949e-15,0.0,7.841136165820335e-14,0.9576598326294246,level_hold,0.9576598326294246
27.47069937263148,1.01,33716.68384177074,0.08589564735402337,2160275.510135032,0.03255691558919402,0.0010437822889236455,0.059775874635568514,0.09537657251368617,257.2625393084542,319.6162371950577,6000.0,23.625734661437598,2.625734661437597,257.2625393084543,0.013073653799640603,5.684341886080802e-14,5.684341886080802e-14,2.40599582088717e-15,0.0,7.841570067036055e-14,0.9576586726965933,level_hold,0.9576586726965933
27.57069937263148,1.01,33716.68384177074,0.08589089419217844,2160275.510135032,0.03255691558919402,0.0010436667736668545,0.059775874635568514,0.0953764569984294,257.2622277251429,319.6162371950577,6000.0,23.624427296698983,2.6244272966989826,257.2622277251429,0.01307364097276684,0.0,0.0,0.0,0.0,0.0,0.9576575128290854,level_hold,0.9576575128290854
27.67069937263148,1.01,33716.68384177074,0.08588614103499682,2160275.510135032,0.03255691558919402,0.0010435512649157696,0.059775874635568514,0.0953763414896783,257.2619161593796,319.6162371950577,6000.0,23.623119933243018,2.6231199332430197,257.2619161593796,0.013073628146608191,0.0,0.0,0.0,0.0,0.0,0.9576563530268999,level_hold,0.9576563530268999
27.77069937263148,1.01,33716.68384177074,0.08588138788247826,2160275.510135032,0.03255691558919402,0.0010434357626703651,0.059775874635568514,0.0953762259874329,257.2616046111643,319.6162371950577,6000.0,23.621812571069636,2.621812571069637,257.26160461116433,0.013073615321164652,5.684341886080802e-14,5.684341886080802e-14,2.4063953047542977e-15,0.0,7.842872056302843e-14,0.9576551932900367,level_hold,0.9576551932900367
27.870699372631478,1.01,33716.68384177074,0.0858766347346225,2160275.510135032,0.03255691558919402,0.001043320266930616,0.059775874635568514,0.09537611049169314,257.2612930804969,319.6162371950577,6000.0,23.620505210178763,2.620505210178763,257.26129308049696,0.013073602496436226,5.684341886080802e-14,5.684341886080802e-14,2.4065284952631975e-15,0.0,7.843306147957839e-14,0.9576540336184955,level_hold,0.9576540336184955
27.97069937263148,1.01,33716.68384177074,0.08587188159142926,2160275.510135032,0.03255691558919402,0.0010432047776964969,0.059775874635568514,0.09537599500245902,257.26098156737737,319.6162371950577,6000.0,23.619197850570327,2.619197850570326,257.2609815673774,0.013073589672422907,5.684341886080802e-14,5.684341886080802e-14,2.4066617003860457e-15,0.0,7.843740287242303e-14,0.9576528740122763,level_hold,0.9576528740122763
28.07069937263148,1.01,33716.68384177074,0.08586712845289829,2160275.510135032,0.03255691558919402,0.0010430892949679826,0.059775874635568514,0.09537587951973052,257.2606700718057,319.6162371950577,6000.0,23.617890492244253,2.6178904922442547,257.2606700718057,0.013073576849124694,0.0,0.0,0.0,0.0,0.0,0.9576517144713788,level_hold,0.9576517144713788
28.17069937263148,1.01,33716.68384177074,0.08586237531902935,2160275.510135032,0.03255691558919402,0.001042973818745049,0.059775874635568514,0.09537576404350759,257.2603585937817,319.6162371950577,6000.0,23.61658313520048,2.6165831352004774,257.26035859378175,0.013073564026541584,5.684341886080802e-14,5.684341886080802e-14,2.4069281544832363e-15,0.0,7.844608708731081e-14,0.9576505549958024,level_hold,0.9576505549958024
28.270699372631476,1.01,33716.68384177074,0.08585762218982215,2160275.510135032,0.03255691558919402,0.0010428583490276696,0.059775874635568514,0.0953756485737902,257.26004713330536,319.6162371950577,6000.0,23.615275779438925,2.6152757794389228,257.2600471333054,0.013073551204673583,5.684341886080802e-14,5.684341886080802e-14,2.407061403462406e-15,0.0,7.845042990951129e-14,0.9576493955855472,level_hold,0.9576493955855472
28.370699372631478,1.01,33716.68384177074,0.08585286906527645,2160275.510135032,0.03255691558919402,0.00104274288581582,0.059775874635568514,0.09537553311057836,257.25973569037666,319.6162371950577,6000.0,23.61396842495952,2.613968424959519,257.2597356903767,0.013073538383520683,5.684341886080802e-14,5.684341886080802e-14,2.4071946670651762e-15,0.0,7.845477320832101e-14,0.9576482362406129,level_hold,0.9576482362406129
28.47069937263148,1.01,33716.68384177074,0.08584811594539198,2160275.510135032,0.03255691558919402,0.001042627429109475,0.059775874635568514,0.095375417653872,257.25942426499535,319.6162371950577,6000.0,23.612661071762194,2.612661071762195,257.25942426499535,0.013073525563082876,0.0,0.0,0.0,0.0,0.0,0.9576470769609987,level_hold,0.9576470769609987
28.570699372631477,1.01,33716.68384177074,0.08584336283016848,2160275.510135032,0.03255691558919402,0.0010425119789086094,0.059775874635568514,0.09537530220367114,257.25911285716165,319.6162371950577,6000.0,23.61135371984688,2.611353719846879,257.2591128571617,0.013073512743360176,5.684341886080802e-14,5.684341886080802e-14,2.407461238151179e-15,0.0,7.846346123608313e-14,0.9576459177467055,level_hold,0.9576459177467055
28.670699372631475,1.01,33716.68384177074,0.0858386097196057,2160275.510135032,0.03255691558919402,0.0010423965352131985,0.059775874635568514,0.09537518675997574,257.25880146687524,319.6162371950577,6000.0,23.6100463692135,2.610046369213499,257.2588014668753,0.013073499924352569,5.684341886080802e-14,5.684341886080802e-14,2.407594545639242e-15,0.0,7.846780596519293e-14,0.9576447585977319,level_hold,0.9576447585977319
28.770699372631476,1.01,33716.68384177074,0.08583385661370337,2160275.510135032,0.03255691558919402,0.0010422810980232164,0.059775874635568514,0.09537507132278575,257.25849009413616,319.6162371950577,6000.0,23.608739019861986,2.6087390198619844,257.25849009413616,0.013073487106060058,0.0,0.0,0.0,0.0,0.0,0.9576435995140782,level_hold,0.9576435995140782
28.870699372631478,1.01,33716.68384177074,0.08582910351246122,2160275.510135032,0.03255691558919402,0.0010421656673386382,0.059775874635568514,0.09537495589210118,257.2581787389444,319.6162371950577,6000.0,23.607431671792263,2.607431671792263,257.2581787389444,0.013073474288482649,0.0,0.0,0.0,0.0,0.0,0.9576424404957444,level_hold,0.9576424404957444
28.970699372631476,1.01,33716.68384177074,0.085824350415879,2160275.510135032,0.03255691558919402,0.001042050243159439,0.059775874635568514,0.09537484046792197,257.25786740129973,319.6162371950577,6000.0,23.606124325004263,2.606124325004264,257.25786740129973,0.01307346147162032,0.0,0.0,0.0,0.0,0.0,0.9576412815427294,level_hold,0.9576412815427294
29.052403277023057,1.01,33716.68384177074,0.08582046695385072,2160275.510135032,0.03255691558919402,0.0010419559419273207,0.059775874635568514,0.09537474616668985,257.2576130393134,319.6162371950577,6000.0,23.605056172585897,2.605056172585898,257.2576130393134,0.013073451000274194,0.0,0.0,0.0,0.0,0.0,0.9576403346813525,level_hold,0.9576403346813525
