design_id,gate_pass,endurance_pass,termination,failure_reasons,endurance_termination,drag_case,empty_mass_kg,initial_fuel_kg,initial_mass_kg,wing_area_m2,altitude_m,gamma_deg,rated_thrust_n,initial_installed_thrust_to_weight,wing_loading_n_m2,elapsed_s,final_mach,time_to_mach_1_s,fuel_at_mach_1_kg,final_fuel_kg,min_excess_thrust_n,min_acceleration_force_n,max_cl,max_q_pa,review_flags,reached_mach_1,mass_within_limit,fuel_nonnegative,never_descends,positive_excess_thrust,positive_acceleration,cl_within_limit,q_within_limit,drag_sensitivity
D0010,False,False,q_limit,q_limit;reached_mach_1,gate_failed,optimistic,21.0,3.0,24.0,0.08,0.0,0,300.0,0.975103628660144,2941.995,12.11484787888068,0.9573028505467166,,,2.8562704616853485,49.5816483929016,49.5816483929016,0.0648107883049592,65000.00000000001,uncalibrated_drag_and_engine;trim_stability_control_unverified;engine_mass_thrust_coupling_unverified;flutter_analysis_required,False,True,True,True,True,True,True,True,fails_all_three
D0010,False,False,insufficient_acceleration,insufficient_acceleration;reached_mach_1,gate_failed,baseline,21.0,3.0,24.0,0.08,0.0,0,300.0,0.975103628660144,2941.995,60.1575551220529,0.917940825219695,,,2.288149070293145,0.0100000000000193,0.0100000000000193,0.0648107883049592,59764.60084745718,uncalibrated_drag_and_engine;trim_stability_control_unverified;engine_mass_thrust_coupling_unverified;flutter_analysis_required,False,True,True,True,True,True,True,True,fails_all_three
D0010,False,False,insufficient_acceleration,insufficient_acceleration;reached_mach_1,gate_failed,pessimistic,21.0,3.0,24.0,0.08,0.0,0,300.0,0.975103628660144,2941.995,47.73800143728558,0.852784947297041,,,2.428087559717485,0.0100000000001614,0.0100000000001614,0.0648107883049592,51581.46875282622,uncalibrated_drag_and_engine;trim_stability_control_unverified;engine_mass_thrust_coupling_unverified;flutter_analysis_required,False,True,True,True,True,True,True,True,fails_all_three
D0011,True,True,target_reached,,hold_complete,optimistic,21.0,3.0,24.0,0.08,3000.0,0,300.0,0.7797632086354017,2941.995,21.58695420332746,1.0,21.58695420332746,2.803650562103151,2.7354747276117513,27.17004940312549,27.17004940312549,0.0936515399495565,49084.80084765296,uncalibrated_drag_and_engine;trim_stability_control_unverified;engine_mass_thrust_coupling_unverified;flutter_analysis_required,True,True,True,True,True,True,True,True,optimistic_only
D0011,False,False,time_limit,time_limit;reached_mach_1,gate_failed,baseline,21.0,3.0,24.0,0.08,3000.0,0,300.0,0.7797632086354017,2941.995,120.0,0.9360282155067268,,,1.9084396427507448,0.0113243452862263,0.0113243452862263,0.0936515399495565,43005.59035363586,uncalibrated_drag_and_engine;trim_stability_control_unverified;engine_mass_thrust_coupling_unverified;flutter_analysis_required,False,True,True,True,True,True,True,True,optimistic_only
D0011,False,False,time_limit,time_limit;reached_mach_1,gate_failed,pessimistic,21.0,3.0,24.0,0.08,3000.0,0,300.0,0.7797632086354017,2941.995,120.0,0.8674358534501574,,,1.8936876552430668,0.0105496820863493,0.0105496820863493,0.0936515399495565,36933.61100309688,uncalibrated_drag_and_engine;trim_stability_control_unverified;engine_mass_thrust_coupling_unverified;flutter_analysis_required,False,True,True,True,True,True,True,True,optimistic_only
D0012,True,True,target_reached,,hold_complete,optimistic,21.0,3.0,24.0,0.08,6000.0,0,300.0,0.6132839325650038,2941.995,22.11738039897146,1.0,22.11738039897146,2.8473805648714055,2.8044635360186243,34.26742678649559,34.26742678649559,0.1390784526727192,33052.33196919002,uncalibrated_drag_and_engine;trim_stability_control_unverified;engine_mass_thrust_coupling_unverified;flutter_analysis_required,True,True,True,True,True,True,True,True,optimistic_only
D0012,False,False,time_limit,time_limit;reached_mach_1,gate_failed,baseline,21.0,3.0,24.0,0.08,6000.0,0,300.0,0.6132839325650038,2941.995,120.0,0.957501654384024,,,2.1760828515814796,0.0192469627029936,0.0192469627029936,0.1390784526727192,30302.689241112363,uncalibrated_drag_and_engine;trim_stability_control_unverified;engine_mass_thrust_coupling_unverified;flutter_analysis_required,False,True,True,True,True,True,True,True,optimistic_only
D0012,False,False,time_limit,time_limit;reached_mach_1,gate_failed,pessimistic,21.0,3.0,24.0,0.08,6000.0,0,300.0,0.6132839325650038,2941.995,120.0,0.8834716701967369,,,2.1644092383912845,0.0156177172920308,0.0156177172920308,0.1390784526727192,25798.078600632965,uncalibrated_drag_and_engine;trim_stability_control_unverified;engine_mass_thrust_coupling_unverified;flutter_analysis_required,False,True,True,True,True,True,True,True,optimistic_only
D0022,False,False,q_limit,q_limit;reached_mach_1,gate_failed,optimistic,21.0,3.0,24.0,0.08,0.0,0,450.0,1.462655442990216,2941.995,5.736447705179326,0.9573028505467166,,,2.8977456212338084,158.30963228581177,158.30963228581177,0.0648107883049592,65000.00000000001,uncalibrated_drag_and_engine;trim_stability_control_unverified;engine_mass_thrust_coupling_unverified;flutter_analysis_required,False,True,True,True,True,True,True,True,fails_all_three
D0022,False,False,q_limit,q_limit;reached_mach_1,gate_failed,baseline,21.0,3.0,24.0,0.08,0.0,0,450.0,1.462655442990216,2941.995,9.641591646488951,0.9573028505467166,,,2.828636026411521,47.27883728626233,47.27883728626233,0.0648107883049592,65000.00000000001,uncalibrated_drag_and_engine;trim_stability_control_unverified;engine_mass_thrust_coupling_unverified;flutter_analysis_required,False,True,True,True,True,True,True,True,fails_all_three
D0022,False,False,insufficient_acceleration,insufficient_acceleration;reached_mach_1,gate_failed,pessimistic,21.0,3.0,24.0,0.08,0.0,0,450.0,1.462655442990216,2941.995,42.93350900691034,0.9062243037229808,,,2.236350150563472,0.0099999999998203,0.0099999999998203,0.0648107883049592,58248.67661430458,uncalibrated_drag_and_engine;trim_stability_control_unverified;engine_mass_thrust_coupling_unverified;flutter_analysis_required,False,True,True,True,True,True,True,True,fails_all_three
D0023,True,True,target_reached,,hold_complete,optimistic,21.0,3.0,24.0,0.08,3000.0,0,450.0,1.1696448129531023,2941.995,9.245018310856384,1.0,9.245018310856384,2.873463232778547,2.8218392042472034,112.80340364094788,112.80340364094788,0.0936515399495565,49084.80084765296,uncalibrated_drag_and_engine;trim_stability_control_unverified;engine_mass_thrust_coupling_unverified;flutter_analysis_required,True,True,True,True,True,True,True,True,baseline_pass_sensitive
D0023,True,True,target_reached,,hold_complete,baseline,21.0,3.0,24.0,0.08,3000.0,0,450.0,1.1696448129531023,2941.995,18.263490598909055,1.0,18.263490598909055,2.751321920802961,2.629987817147621,22.193351206556542,22.193351206556542,0.0936515399495565,49084.80084765296,uncalibrated_drag_and_engine;trim_stability_control_unverified;engine_mass_thrust_coupling_unverified;flutter_analysis_required,True,True,True,True,True,True,True,True,baseline_pass_sensitive
D0023,False,False,time_limit,time_limit;reached_mach_1,gate_failed,pessimistic,21.0,3.0,24.0,0.08,3000.0,0,450.0,1.1696448129531023,2941.995,120.0,0.9256233838535972,,,1.3601673451362872,0.0113697754085819,0.0113697754085819,0.0936515399495565,42054.80934375641,uncalibrated_drag_and_engine;trim_stability_control_unverified;engine_mass_thrust_coupling_unverified;flutter_analysis_required,False,True,True,True,True,True,True,True,baseline_pass_sensitive
D0024,True,True,target_reached,,hold_complete,optimistic,21.0,3.0,24.0,0.08,6000.0,0,450.0,0.919925898847506,2941.995,10.672363578699027,1.0,10.672363578699027,2.8893043093822843,2.853046592233349,101.6168511740601,101.6168511740601,0.1390784526727192,33052.33196919002,uncalibrated_drag_and_engine;trim_stability_control_unverified;engine_mass_thrust_coupling_unverified;flutter_analysis_required,True,True,True,True,True,True,True,True,baseline_pass_sensitive
D0024,True,True,target_reached,,hold_complete,baseline,21.0,3.0,24.0,0.08,6000.0,0,450.0,0.919925898847506,2941.995,16.471740215743623,1.0,16.471740215743623,2.829675371071171,2.7657125055213263,39.9280411491132,39.9280411491132,0.1390784526727192,33052.33196919002,uncalibrated_drag_and_engine;trim_stability_control_unverified;engine_mass_thrust_coupling_unverified;flutter_analysis_required,True,True,True,True,True,True,True,True,baseline_pass_sensitive
D0024,False,False,time_limit,time_limit;reached_mach_1,gate_failed,pessimistic,21.0,3.0,24.0,0.08,6000.0,0,450.0,0.919925898847506,2941.995,120.0,0.948859653525662,,,1.763183030365303,0.018266841294519,0.018266841294519,0.1390784526727192,29758.15947368219,uncalibrated_drag_and_engine;trim_stability_control_unverified;engine_mass_thrust_coupling_unverified;flutter_analysis_required,False,True,True,True,True,True,True,True,baseline_pass_sensitive
D0034,False,False,q_limit,q_limit;reached_mach_1,gate_failed,optimistic,21.0,3.0,24.0,0.08,0.0,0,600.0,1.950207257320288,2941.995,3.80607642447925,0.9573028505467166,,,2.9094966646884246,267.04132839317776,267.04132839317776,0.0648107883049592,65000.00000000001,uncalibrated_drag_and_engine;trim_stability_control_unverified;engine_mass_thrust_coupling_unverified;flutter_analysis_required,False,True,True,True,True,True,True,True,fails_all_three
D0034,False,False,q_limit,q_limit;reached_mach_1,gate_failed,baseline,21.0,3.0,24.0,0.08,0.0,0,600.0,1.950207257320288,2941.995,4.963862936862868,0.9573028505467166,,,2.8821195996830338,156.00532685318683,156.00532685318683,0.0648107883049592,65000.00000000001,uncalibrated_drag_and_engine;trim_stability_control_unverified;engine_mass_thrust_coupling_unverified;flutter_analysis_required,False,True,True,True,True,True,True,True,fails_all_three
D0034,False,False,insufficient_acceleration,insufficient_acceleration;reached_mach_1,gate_failed,pessimistic,21.0,3.0,24.0,0.08,0.0,0,600.0,1.950207257320288,2941.995,51.6946190287873,0.9542281965260936,,,1.7863236633810886,0.0099999999998203,0.0099999999998203,0.0648107883049592,64583.13804402552,uncalibrated_drag_and_engine;trim_stability_control_unverified;engine_mass_thrust_coupling_unverified;flutter_analysis_required,False,True,True,True,True,True,True,True,fails_all_three
D0035,True,True,target_reached,,hold_complete,optimistic,21.0,3.0,24.0,0.08,3000.0,0,600.0,1.5595264172708034,2941.995,6.027870491840679,1.0,6.027870491840679,2.8899038703918927,2.8395287390744777,198.44556945400743,198.44556945400743,0.0936515399495565,49084.80084765296,uncalibrated_drag_and_engine;trim_stability_control_unverified;engine_mass_thrust_coupling_unverified;flutter_analysis_required,True,True,True,True,True,True,True,True,baseline_pass_sensitive
D0035,True,True,target_reached,,hold_complete,baseline,21.0,3.0,24.0,0.08,3000.0,0,600.0,1.5595264172708034,2941.995,8.143302201084522,1.0,8.143302201084522,2.851564729572708,2.77123665457425,107.8217044916492,107.8217044916492,0.0936515399495565,49084.80084765296,uncalibrated_drag_and_engine;trim_stability_control_unverified;engine_mass_thrust_coupling_unverified;flutter_analysis_required,True,True,True,True,True,True,True,True,baseline_pass_sensitive
D0035,False,False,time_limit,time_limit;reached_mach_1,gate_failed,pessimistic,21.0,3.0,24.0,0.08,3000.0,0,600.0,1.5595264172708034,2941.995,120.0,0.9825831183266232,,,0.8395474277678654,0.0149368791962274,0.0149368791962274,0.0936515399495565,47389.88227574506,uncalibrated_drag_and_engine;trim_stability_control_unverified;engine_mass_thrust_coupling_unverified;flutter_analysis_required,False,True,True,True,True,True,True,True,baseline_pass_sensitive
D0036,True,True,target_reached,,hold_complete,optimistic,21.0,3.0,24.0,0.08,6000.0,0,600.0,1.2265678651300076,2941.995,7.120604428486752,1.0,7.120604428486752,2.9014624302969607,2.8660976809041223,168.97358330167265,168.97358330167265,0.1390784526727192,33052.33196919002,uncalibrated_drag_and_engine;trim_stability_control_unverified;engine_mass_thrust_coupling_unverified;flutter_analysis_required,True,True,True,True,True,True,True,True,passes_all_three_assumed_polars
D0036,True,True,target_reached,,hold_complete,baseline,21.0,3.0,24.0,0.08,6000.0,0,600.0,1.2265678651300076,2941.995,8.991016624083315,1.0,8.991016624083315,2.87576293984033,2.820813568382189,107.2764502151956,107.2764502151956,0.1390784526727192,33052.33196919002,uncalibrated_drag_and_engine;trim_stability_control_unverified;engine_mass_thrust_coupling_unverified;flutter_analysis_required,True,True,True,True,True,True,True,True,passes_all_three_assumed_polars
D0036,True,True,target_reached,,hold_complete,pessimistic,21.0,3.0,24.0,0.08,6000.0,0,600.0,1.2265678651300076,2941.995,18.9321246803375,1.0,18.9321246803375,2.739791916988427,2.605056172585898,18.70946278163609,18.70946278163609,0.1390784526727192,33052.33196919002,uncalibrated_drag_and_engine;trim_stability_control_unverified;engine_mass_thrust_coupling_unverified;flutter_analysis_required,True,True,True,True,True,True,True,True,passes_all_three_assumed_polars
D0046,False,False,insufficient_acceleration,insufficient_acceleration;reached_mach_1,gate_failed,optimistic,21.0,3.0,24.0,0.12,0.0,0,300.0,0.975103628660144,1961.33,58.872461043387055,0.9374148200108292,,,2.305744739910902,0.0099999999998487,0.0099999999998487,0.0432071922033061,62327.295554595155,uncalibrated_drag_and_engine;trim_stability_control_unverified;engine_mass_thrust_coupling_unverified;flutter_analysis_required,False,True,True,True,True,True,True,True,fails_all_three
D0046,False,False,insufficient_acceleration,insufficient_acceleration;reached_mach_1,gate_failed,baseline,21.0,3.0,24.0,0.12,0.0,0,300.0,0.975103628660144,1961.33,45.10944120910611,0.8685469059453033,,,2.4610724671466766,0.0100000000001045,0.0100000000001045,0.0432071922033061,53505.842580460856,uncalibrated_drag_and_engine;trim_stability_control_unverified;engine_mass_thrust_coupling_unverified;flutter_analysis_required,False,True,True,True,True,True,True,True,fails_all_three
D0046,False,False,insufficient_acceleration,insufficient_acceleration;reached_mach_1,gate_failed,pessimistic,21.0,3.0,24.0,0.12,0.0,0,300.0,0.975103628660144,1961.33,34.62615194405942,0.8074476484874505,,,2.58170625232931,0.0100000000001045,0.0100000000001045,0.0432071922033061,46242.72310978588,uncalibrated_drag_and_engine;trim_stability_control_unverified;engine_mass_thrust_coupling_unverified;flutter_analysis_required,False,True,True,True,True,True,True,True,fails_all_three
D0047,False,False,insufficient_acceleration,insufficient_acceleration;reached_mach_1,gate_failed,optimistic,21.0,3.0,24.0,0.12,3000.0,0,300.0,0.7797632086354017,1961.33,84.90507200174247,0.9562742707070148,,,2.2299619711656553,0.0099999999999624,0.0099999999999624,0.062434359966371,44886.11058391376,uncalibrated_drag_and_engine;trim_stability_control_unverified;engine_mass_thrust_coupling_unverified;flutter_analysis_required,False,True,True,True,True,True,True,True,fails_all_three
D0047,False,False,insufficient_acceleration,insufficient_acceleration;reached_mach_1,gate_failed,baseline,21.0,3.0,24.0,0.12,3000.0,0,300.0,0.7797632086354017,1961.33,59.321946973943994,0.8828708025980553,,,2.454241544665736,0.0099999999999056,0.0099999999999056,0.062434359966371,38259.68079106487,uncalibrated_drag_and_engine;trim_stability_control_unverified;engine_mass_thrust_coupling_unverified;flutter_analysis_required,False,True,True,True,True,True,True,True,fails_all_three
D0047,False,False,insufficient_acceleration,insufficient_acceleration;reached_mach_1,gate_failed,pessimistic,21.0,3.0,24.0,0.12,3000.0,0,300.0,0.7797632086354017,1961.33,49.24838017033075,0.8209011503326138,,,2.541733737290201,0.0099999999999056,0.0099999999999056,0.062434359966371,33077.20171711105,uncalibrated_drag_and_engine;trim_stability_control_unverified;engine_mass_thrust_coupling_unverified,False,True,True,True,True,True,True,True,fails_all_three
D0048,False,False,time_limit,time_limit;reached_mach_1,gate_failed,optimistic,21.0,3.0,24.0,0.12,6000.0,0,300.0,0.6132839325650038,1961.33,120.0,0.980111297945658,,,2.17956070198404,0.0165930358575963,0.0165930358575963,0.0927189684484795,31750.670199665867,uncalibrated_drag_and_engine;trim_stability_control_unverified;engine_mass_thrust_coupling_unverified;flutter_analysis_required,False,True,True,True,True,True,True,True,fails_all_three
D0048,False,False,insufficient_acceleration,insufficient_acceleration;reached_mach_1,gate_failed,baseline,21.0,3.0,24.0,0.12,6000.0,0,300.0,0.6132839325650038,1961.33,97.09481185350324,0.8988143304371338,,,2.325701431115938,0.0099999999999909,0.0099999999999909,0.0927189684484795,26701.894901223433,uncalibrated_drag_and_engine;trim_stability_control_unverified;engine_mass_thrust_coupling_unverified;flutter_analysis_required,False,True,True,True,True,True,True,True,fails_all_three
D0048,False,False,time_limit,time_limit;reached_mach_1,gate_failed,pessimistic,21.0,3.0,24.0,0.12,6000.0,0,300.0,0.6132839325650038,1961.33,120.0,0.835222928958022,,,2.1566850559425244,0.0101388429445421,0.0101388429445421,0.0927189684484795,23057.218897447405,uncalibrated_drag_and_engine;trim_stability_control_unverified;engine_mass_thrust_coupling_unverified,False,True,True,True,True,True,True,True,fails_all_three
D0058,False,False,q_limit,q_limit;reached_mach_1,gate_failed,optimistic,21.0,3.0,24.0,0.12,0.0,0,450.0,1.462655442990216,1961.33,7.831674279293527,0.9573028505467166,,,2.8606135173207887,78.89734687542094,78.89734687542094,0.0432071922033061,65000.00000000001,uncalibrated_drag_and_engine;trim_stability_control_unverified;engine_mass_thrust_coupling_unverified;flutter_analysis_required,False,True,True,True,True,True,True,True,fails_all_three
D0058,False,False,insufficient_acceleration,insufficient_acceleration;reached_mach_1,gate_failed,baseline,21.0,3.0,24.0,0.12,0.0,0,450.0,1.462655442990216,1961.33,38.58999617185761,0.9202865383820054,,,2.3152933408980414,0.0099999999998772,0.0099999999998772,0.0432071922033061,60070.436973453805,uncalibrated_drag_and_engine;trim_stability_control_unverified;engine_mass_thrust_coupling_unverified;flutter_analysis_required,False,True,True,True,True,True,True,True,fails_all_three
D0058,False,False,insufficient_acceleration,insufficient_acceleration;reached_mach_1,gate_failed,pessimistic,21.0,3.0,24.0,0.12,0.0,0,450.0,1.462655442990216,1961.33,30.378669644372497,0.8551182305885608,,,2.454298029194587,0.0099999999998772,0.0099999999998772,0.0432071922033061,51864.11639707803,uncalibrated_drag_and_engine;trim_stability_control_unverified;engine_mass_thrust_coupling_unverified;flutter_analysis_required,False,True,True,True,True,True,True,True,fails_all_three
D0059,True,True,target_reached,,hold_complete,optimistic,21.0,3.0,24.0,0.12,3000.0,0,450.0,1.1696448129531023,1961.33,13.72337611744328,1.0,13.72337611744328,2.812715152710798,2.7284865320315994,44.98935272914616,44.98935272914616,0.062434359966371,49084.80084765296,uncalibrated_drag_and_engine;trim_stability_control_unverified;engine_mass_thrust_coupling_unverified;flutter_analysis_required,True,True,True,True,True,True,True,True,optimistic_only
D0059,False,False,insufficient_acceleration,insufficient_acceleration;reached_mach_1,gate_failed,baseline,21.0,3.0,24.0,0.12,3000.0,0,450.0,1.1696448129531023,1961.33,54.952918659281345,0.9389852669071675,,,2.2499984214643476,0.0100000000001045,0.0100000000001045,0.062434359966371,43277.74158384602,uncalibrated_drag_and_engine;trim_stability_control_unverified;engine_mass_thrust_coupling_unverified;flutter_analysis_required,False,True,True,True,True,True,True,True,optimistic_only
D0059,False,False,insufficient_acceleration,insufficient_acceleration;reached_mach_1,gate_failed,pessimistic,21.0,3.0,24.0,0.12,3000.0,0,450.0,1.1696448129531023,1961.33,40.94908046363784,0.8701623586163512,,,2.433633884815118,0.0100000000001045,0.0100000000001045,0.062434359966371,37166.153707687714,uncalibrated_drag_and_engine;trim_stability_control_unverified;engine_mass_thrust_coupling_unverified;flutter_analysis_required,False,True,True,True,True,True,True,True,optimistic_only
D0060,True,True,target_reached,,hold_complete,optimistic,21.0,3.0,24.0,0.12,6000.0,0,450.0,0.919925898847506,1961.33,14.05526265458069,1.0,14.05526265458069,2.8544936606126763,2.8001901839636414,55.6961191616125,55.6961191616125,0.0927189684484795,33052.33196919002,uncalibrated_drag_and_engine;trim_stability_control_unverified;engine_mass_thrust_coupling_unverified;flutter_analysis_required,True,True,True,True,True,True,True,True,optimistic_only
D0060,False,False,time_limit,time_limit;reached_mach_1,gate_failed,baseline,21.0,3.0,24.0,0.12,6000.0,0,450.0,0.919925898847506,1961.33,120.0,0.9621184700947631,,,1.766586743723233,0.0117744533433494,0.0117744533433494,0.0927189684484795,30595.616602410595,uncalibrated_drag_and_engine;trim_stability_control_unverified;engine_mass_thrust_coupling_unverified;flutter_analysis_required,False,True,True,True,True,True,True,True,optimistic_only
D0060,False,False,insufficient_acceleration,insufficient_acceleration;reached_mach_1,gate_failed,pessimistic,21.0,3.0,24.0,0.12,6000.0,0,450.0,0.919925898847506,1961.33,100.14753827747238,0.8872990690975853,,,1.9550439298050828,0.010000000000133,0.010000000000133,0.0927189684484795,26022.088995107813,uncalibrated_drag_and_engine;trim_stability_control_unverified;engine_mass_thrust_coupling_unverified;flutter_analysis_required,False,True,True,True,True,True,True,True,optimistic_only
D0070,False,False,q_limit,q_limit;reached_mach_1,gate_failed,optimistic,21.0,3.0,24.0,0.12,0.0,0,600.0,1.950207257320288,1961.33,4.541029610923615,0.9573028505467166,,,2.892101395898386,187.6278900984598,187.6278900984598,0.0432071922033061,65000.00000000001,uncalibrated_drag_and_engine;trim_stability_control_unverified;engine_mass_thrust_coupling_unverified;flutter_analysis_required,False,True,True,True,True,True,True,True,fails_all_three
D0070,False,False,q_limit,q_limit;reached_mach_1,gate_failed,baseline,21.0,3.0,24.0,0.12,0.0,0,600.0,1.950207257320288,1961.33,10.101652081486314,0.9573028505467166,,,2.7611455012454935,22.311271682832228,22.311271682832228,0.0432071922033061,65000.00000000001,uncalibrated_drag_and_engine;trim_stability_control_unverified;engine_mass_thrust_coupling_unverified;flutter_analysis_required,False,True,True,True,True,True,True,True,fails_all_three
D0070,False,False,insufficient_acceleration,insufficient_acceleration;reached_mach_1,gate_failed,pessimistic,21.0,3.0,24.0,0.12,0.0,0,600.0,1.950207257320288,1961.33,27.688010854556865,0.8916638940728492,,,2.3414241049222775,0.009999999999934,0.009999999999934,0.0432071922033061,56391.93732326467,uncalibrated_drag_and_engine;trim_stability_control_unverified;engine_mass_thrust_coupling_unverified;flutter_analysis_required,False,True,True,True,True,True,True,True,fails_all_three
D0071,True,True,target_reached,,hold_complete,optimistic,21.0,3.0,24.0,0.12,3000.0,0,600.0,1.5595264172708034,1961.33,7.376005228544617,1.0,7.376005228544617,2.8654557178604634,2.793172256719873,130.62843102615852,130.62843102615852,0.062434359966371,49084.80084765296,uncalibrated_drag_and_engine;trim_stability_control_unverified;engine_mass_thrust_coupling_unverified;flutter_analysis_required,True,True,True,True,True,True,True,True,optimistic_only
D0071,False,False,time_limit,time_limit;reached_mach_1,gate_failed,baseline,21.0,3.0,24.0,0.12,3000.0,0,600.0,1.5595264172708034,1961.33,120.0,0.9965900265411836,,,0.8459663636763023,0.0106426260229568,0.0106426260229568,0.062434359966371,48750.615865497275,uncalibrated_drag_and_engine;trim_stability_control_unverified;engine_mass_thrust_coupling_unverified;flutter_analysis_required,False,True,True,True,True,True,True,True,optimistic_only
D0071,False,False,insufficient_acceleration,insufficient_acceleration;reached_mach_1,gate_failed,pessimistic,21.0,3.0,24.0,0.12,3000.0,0,600.0,1.5595264172708034,1961.33,38.65244529095281,0.909604156350564,,,2.2926181315353253,0.0100000000002751,0.0100000000002751,0.062434359966371,40611.76884295372,uncalibrated_drag_and_engine;trim_stability_control_unverified;engine_mass_thrust_coupling_unverified;flutter_analysis_required,False,True,True,True,True,True,True,True,optimistic_only
D0072,True,True,target_reached,,hold_complete,optimistic,21.0,3.0,24.0,0.12,6000.0,0,600.0,1.2265678651300076,1961.33,8.33528051931949,1.0,8.33528051931949,2.8847657351424427,2.834967342350255,123.05088370701851,123.05088370701851,0.0927189684484795,33052.33196919002,uncalibrated_drag_and_engine;trim_stability_control_unverified;engine_mass_thrust_coupling_unverified;flutter_analysis_required,True,True,True,True,True,True,True,True,baseline_pass_sensitive
D0072,True,True,target_reached,,hold_complete,baseline,21.0,3.0,24.0,0.12,6000.0,0,600.0,1.2265678651300076,1961.33,15.103998822040388,1.0,15.103998822040388,2.7921145921964547,2.691876029261763,31.20748819465973,31.20748819465973,0.0927189684484795,33052.33196919002,uncalibrated_drag_and_engine;trim_stability_control_unverified;engine_mass_thrust_coupling_unverified;flutter_analysis_required,True,True,True,True,True,True,True,True,baseline_pass_sensitive
D0072,False,False,time_limit,time_limit;reached_mach_1,gate_failed,pessimistic,21.0,3.0,24.0,0.12,6000.0,0,600.0,1.2265678651300076,1961.33,120.0,0.9310686714211868,,,1.3458293047893894,0.0106666211057699,0.0106666211057699,0.0927189684484795,28652.698741449654,uncalibrated_drag_and_engine;trim_stability_control_unverified;engine_mass_thrust_coupling_unverified;flutter_analysis_required,False,True,True,True,True,True,True,True,baseline_pass_sensitive
D0082,False,False,insufficient_acceleration,insufficient_acceleration;reached_mach_1,gate_failed,optimistic,21.0,3.0,24.0,0.18,0.0,0,300.0,0.975103628660144,1307.5533333333333,48.84604723362071,0.8863267801414823,,,2.4182074218130825,0.0100000000000761,0.0100000000000761,0.0288047948022041,55718.882245726985,uncalibrated_drag_and_engine;trim_stability_control_unverified;engine_mass_thrust_coupling_unverified;flutter_analysis_required,False,True,True,True,True,True,True,True,fails_all_three
D0082,False,False,insufficient_acceleration,insufficient_acceleration;reached_mach_1,gate_failed,baseline,21.0,3.0,24.0,0.18,0.0,0,300.0,0.975103628660144,1307.5533333333333,43.05187997155794,0.8215657558341162,,,2.481214809740305,0.010000000000133,0.010000000000133,0.0288047948022041,47873.95532620002,uncalibrated_drag_and_engine;trim_stability_control_unverified;engine_mass_thrust_coupling_unverified;flutter_analysis_required,False,True,True,True,True,True,True,True,fails_all_three
D0082,False,False,insufficient_acceleration,insufficient_acceleration;reached_mach_1;positive_excess_thrust;positive_acceleration,gate_failed,pessimistic,21.0,3.0,24.0,0.18,0.0,0,300.0,0.975103628660144,1307.5533333333333,0.0,0.8000000000000002,,,3.0,-86.65550459792144,-86.65550459792144,0.0288047948022041,45393.60000000001,uncalibrated_drag_and_engine;trim_stability_control_unverified;engine_mass_thrust_coupling_unverified;flutter_analysis_required,False,True,True,True,False,False,True,True,fails_all_three
D0083,False,False,insufficient_acceleration,insufficient_acceleration;reached_mach_1,gate_failed,optimistic,21.0,3.0,24.0,0.18,3000.0,0,300.0,0.7797632086354017,1307.5533333333333,60.72241079615313,0.9012981626418256,,,2.4431194626621338,0.0099999999999909,0.0099999999999909,0.0416229066442473,39873.46750412887,uncalibrated_drag_and_engine;trim_stability_control_unverified;engine_mass_thrust_coupling_unverified;flutter_analysis_required,False,True,True,True,True,True,True,True,fails_all_three
D0083,False,False,insufficient_acceleration,insufficient_acceleration;reached_mach_1,gate_failed,baseline,21.0,3.0,24.0,0.18,3000.0,0,300.0,0.7797632086354017,1307.5533333333333,51.83832219343927,0.8361863185925215,,,2.518929826519415,0.009999999999934,0.009999999999934,0.0416229066442473,34320.46380438696,uncalibrated_drag_and_engine;trim_stability_control_unverified;engine_mass_thrust_coupling_unverified,False,True,True,True,True,True,True,True,fails_all_three
D0083,False,False,insufficient_acceleration,insufficient_acceleration;reached_mach_1;positive_excess_thrust;positive_acceleration,gate_failed,pessimistic,21.0,3.0,24.0,0.18,3000.0,0,300.0,0.7797632086354017,1307.5533333333333,0.0,0.8,,,3.0,-42.13403383837678,-42.13403383837678,0.0416229066442473,31414.272542497896,uncalibrated_drag_and_engine;trim_stability_control_unverified;engine_mass_thrust_coupling_unverified,False,True,True,True,False,False,True,True,fails_all_three
D0084,False,False,insufficient_acceleration,insufficient_acceleration;reached_mach_1,gate_failed,optimistic,21.0,3.0,24.0,0.18,6000.0,0,300.0,0.6132839325650038,1307.5533333333333,80.83242948404843,0.9178561797981027,,,2.44030204429538,0.0100000000000477,0.0100000000000477,0.0618126456323196,27845.26649321379,uncalibrated_drag_and_engine;trim_stability_control_unverified;engine_mass_thrust_coupling_unverified;flutter_analysis_required,False,True,True,True,True,True,True,True,fails_all_three
D0084,False,False,insufficient_acceleration,insufficient_acceleration;reached_mach_1,gate_failed,baseline,21.0,3.0,24.0,0.18,6000.0,0,300.0,0.6132839325650038,1307.5533333333333,66.4311715555951,0.8510430324125208,,,2.534298694668318,0.0100000000000477,0.0100000000000477,0.0618126456323196,23938.95271696139,uncalibrated_drag_and_engine;trim_stability_control_unverified;engine_mass_thrust_coupling_unverified;flutter_analysis_required,False,True,True,True,True,True,True,True,fails_all_three
D0084,False,False,insufficient_acceleration,insufficient_acceleration;reached_mach_1;positive_excess_thrust;positive_acceleration,gate_failed,pessimistic,21.0,3.0,24.0,0.18,6000.0,0,300.0,0.6132839325650038,1307.5533333333333,0.0,0.8,,,3.0,-13.425152425123542,-13.425152425123542,0.0618126456323196,21153.492460281617,uncalibrated_drag_and_engine;trim_stability_control_unverified;engine_mass_thrust_coupling_unverified,False,True,True,True,False,False,True,True,fails_all_three
D0094,False,False,insufficient_acceleration,insufficient_acceleration;reached_mach_1,gate_failed,optimistic,21.0,3.0,24.0,0.18,0.0,0,450.0,1.462655442990216,1307.5533333333333,39.6094149793768,0.9398097919697296,,,2.299713824306101,0.0100000000002751,0.0100000000002751,0.0288047948022041,62646.17852356676,uncalibrated_drag_and_engine;trim_stability_control_unverified;engine_mass_thrust_coupling_unverified;flutter_analysis_required,False,True,True,True,True,True,True,True,fails_all_three
D0094,False,False,insufficient_acceleration,insufficient_acceleration;reached_mach_1,gate_failed,baseline,21.0,3.0,24.0,0.18,0.0,0,450.0,1.462655442990216,1307.5533333333333,30.13222225497649,0.8708261526498028,,,2.460249746679097,0.0100000000001614,0.0100000000001614,0.0288047948022041,53787.03183921883,uncalibrated_drag_and_engine;trim_stability_control_unverified;engine_mass_thrust_coupling_unverified;flutter_analysis_required,False,True,True,True,True,True,True,True,fails_all_three
D0094,False,False,insufficient_acceleration,insufficient_acceleration;reached_mach_1,gate_failed,pessimistic,21.0,3.0,24.0,0.18,0.0,0,450.0,1.462655442990216,1307.5533333333333,23.476837581965253,0.8100929912229958,,,2.5747909768089845,0.0100000000001614,0.0100000000001614,0.0288047948022041,46546.21829198599,uncalibrated_drag_and_engine;trim_stability_control_unverified;engine_mass_thrust_coupling_unverified;flutter_analysis_required,False,True,True,True,True,True,True,True,fails_all_three
D0095,False,False,insufficient_acceleration,insufficient_acceleration;reached_mach_1,gate_failed,optimistic,21.0,3.0,24.0,0.18,3000.0,0,450.0,1.1696448129531023,1307.5533333333333,55.16383249508089,0.9592411866966152,,,2.2499269013493213,0.0100000000001614,0.0100000000001614,0.0416229066442473,45165.06802034472,uncalibrated_drag_and_engine;trim_stability_control_unverified;engine_mass_thrust_coupling_unverified;flutter_analysis_required,False,True,True,True,True,True,True,True,fails_all_three
D0095,False,False,insufficient_acceleration,insufficient_acceleration;reached_mach_1,gate_failed,baseline,21.0,3.0,24.0,0.18,3000.0,0,450.0,1.1696448129531023,1307.5533333333333,38.68708641608532,0.8854205874869014,,,2.466365923829071,0.0100000000002182,0.0100000000002182,0.0416229066442473,38480.99250857103,uncalibrated_drag_and_engine;trim_stability_control_unverified;engine_mass_thrust_coupling_unverified;flutter_analysis_required,False,True,True,True,True,True,True,True,fails_all_three
D0095,False,False,insufficient_acceleration,insufficient_acceleration;reached_mach_1,gate_failed,pessimistic,21.0,3.0,24.0,0.18,3000.0,0,450.0,1.1696448129531023,1307.5533333333333,31.494307819891404,0.8237212431952042,,,2.5606265272044997,0.0100000000001045,0.0100000000001045,0.0416229066442473,33304.85642822271,uncalibrated_drag_and_engine;trim_stability_control_unverified;engine_mass_thrust_coupling_unverified,False,True,True,True,True,True,True,True,fails_all_three
D0096,False,False,insufficient_acceleration,insufficient_acceleration;reached_mach_1,gate_failed,optimistic,21.0,3.0,24.0,0.18,6000.0,0,450.0,0.919925898847506,1307.5533333333333,94.30626903328972,0.9846021473988285,,,2.0342878588833857,0.0100000000000193,0.0100000000000193,0.0618126456323196,32042.298602741685,uncalibrated_drag_and_engine;trim_stability_control_unverified;engine_mass_thrust_coupling_unverified;flutter_analysis_required,False,True,True,True,True,True,True,True,fails_all_three
D0096,False,False,insufficient_acceleration,insufficient_acceleration;reached_mach_1,gate_failed,baseline,21.0,3.0,24.0,0.18,6000.0,0,450.0,0.919925898847506,1307.5533333333333,52.53307236927805,0.9019806543731212,,,2.4528758490334255,0.0099999999998203,0.0099999999998203,0.0618126456323196,26890.356001611337,uncalibrated_drag_and_engine;trim_stability_control_unverified;engine_mass_thrust_coupling_unverified;flutter_analysis_required,False,True,True,True,True,True,True,True,fails_all_three
D0096,False,False,insufficient_acceleration,insufficient_acceleration;reached_mach_1,gate_failed,pessimistic,21.0,3.0,24.0,0.18,6000.0,0,450.0,0.919925898847506,1307.5533333333333,42.77757570217219,0.8385041539800775,,,2.5491802203213503,0.009999999999934,0.009999999999934,0.0618126456323196,23238.7381791831,uncalibrated_drag_and_engine;trim_stability_control_unverified;engine_mass_thrust_coupling_unverified,False,True,True,True,True,True,True,True,fails_all_three
D0106,False,False,q_limit,q_limit;reached_mach_1,gate_failed,optimistic,21.0,3.0,24.0,0.18,0.0,0,600.0,1.950207257320288,1307.5533333333333,6.856586600737262,0.9573028505467166,,,2.8374449217989532,69.53905302283476,69.53905302283476,0.0288047948022041,65000.00000000001,uncalibrated_drag_and_engine;trim_stability_control_unverified;engine_mass_thrust_coupling_unverified;flutter_analysis_required,False,True,True,True,True,True,True,True,fails_all_three
D0106,False,False,insufficient_acceleration,insufficient_acceleration;reached_mach_1,gate_failed,baseline,21.0,3.0,24.0,0.18,0.0,0,600.0,1.950207257320288,1307.5533333333333,26.578723098684986,0.9062706313777812,,,2.3694921930597723,0.0100000000002182,0.0100000000002182,0.0288047948022041,58254.63229999556,uncalibrated_drag_and_engine;trim_stability_control_unverified;engine_mass_thrust_coupling_unverified;flutter_analysis_required,False,True,True,True,True,True,True,True,fails_all_three
D0106,False,False,insufficient_acceleration,insufficient_acceleration;reached_mach_1,gate_failed,pessimistic,21.0,3.0,24.0,0.18,0.0,0,600.0,1.950207257320288,1307.5533333333333,21.38383552701974,0.843223277214072,,,2.4867053222556557,0.0100000000003888,0.0100000000003888,0.0288047948022041,50431.26081332584,uncalibrated_drag_and_engine;trim_stability_control_unverified;engine_mass_thrust_coupling_unverified;flutter_analysis_required,False,True,True,True,True,True,True,True,fails_all_three
D0107,True,True,target_reached,,hold_complete,optimistic,21.0,3.0,24.0,0.18,3000.0,0,600.0,1.5595264172708034,1307.5533333333333,13.254244242177082,1.0,13.254244242177082,2.7593472793287313,2.615281357552605,29.50099688676687,29.50099688676687,0.0416229066442473,49084.80084765296,uncalibrated_drag_and_engine;trim_stability_control_unverified;engine_mass_thrust_coupling_unverified;flutter_analysis_required,True,True,True,True,True,True,True,True,optimistic_only
D0107,False,False,insufficient_acceleration,insufficient_acceleration;reached_mach_1,gate_failed,baseline,21.0,3.0,24.0,0.18,3000.0,0,600.0,1.5595264172708034,1307.5533333333333,35.580921207750755,0.9234765215308552,,,2.350439757816863,0.0100000000000477,0.0100000000000477,0.0416229066442473,41859.95432152107,uncalibrated_drag_and_engine;trim_stability_control_unverified;engine_mass_thrust_coupling_unverified;flutter_analysis_required,False,True,True,True,True,True,True,True,optimistic_only
D0107,False,False,insufficient_acceleration,insufficient_acceleration;reached_mach_1,gate_failed,pessimistic,21.0,3.0,24.0,0.18,3000.0,0,600.0,1.5595264172708034,1307.5533333333333,27.825277695936418,0.8577308888091615,,,2.485649523623583,0.0099999999998772,0.0099999999998772,0.0416229066442473,36111.79978001251,uncalibrated_drag_and_engine;trim_stability_control_unverified;engine_mass_thrust_coupling_unverified;flutter_analysis_required,False,True,True,True,True,True,True,True,optimistic_only
D0108,True,True,target_reached,,hold_complete,optimistic,21.0,3.0,24.0,0.18,6000.0,0,600.0,1.2265678651300076,1307.5533333333333,11.946863784299357,1.0,11.946863784299357,2.835265341962454,2.757181813591356,54.16881930469796,54.16881930469796,0.0618126456323196,33052.33196919002,uncalibrated_drag_and_engine;trim_stability_control_unverified;engine_mass_thrust_coupling_unverified;flutter_analysis_required,True,True,True,True,True,True,True,True,optimistic_only
D0108,False,False,insufficient_acceleration,insufficient_acceleration;reached_mach_1,gate_failed,baseline,21.0,3.0,24.0,0.18,6000.0,0,600.0,1.2265678651300076,1307.5533333333333,51.825611774719285,0.9441953324847104,,,2.2863746760619343,0.0100000000001614,0.0100000000001614,0.0618126456323196,29466.313457316137,uncalibrated_drag_and_engine;trim_stability_control_unverified;engine_mass_thrust_coupling_unverified;flutter_analysis_required,False,True,True,True,True,True,True,True,optimistic_only
D0108,False,False,insufficient_acceleration,insufficient_acceleration;reached_mach_1,gate_failed,pessimistic,21.0,3.0,24.0,0.18,6000.0,0,600.0,1.2265678651300076,1307.5533333333333,38.02568592573654,0.8741717853295863,,,2.469227938753329,0.0099999999998772,0.0099999999998772,0.0618126456323196,25257.809089913037,uncalibrated_drag_and_engine;trim_stability_control_unverified;engine_mass_thrust_coupling_unverified;flutter_analysis_required,False,True,True,True,True,True,True,True,optimistic_only
